{"type": "FeatureCollection","features":[{"type":"Feature","properties":{"date":"2026-07-07","processing_id":"25dc8f76-31fc-4bff-9f89-22ed84947b08"},"geometry":{"type":"Polygon","coordinates":[[[36.19599117321371,-3.413373117887346],[36.195982109592144,-3.413389850828932],[36.19596534691272,-3.413380803286721],[36.195882977602416,-3.413104987593604],[36.195892041223985,-3.413088254647057],[36.19590880390341,-3.413097302192023],[36.19599117321371,-3.413373117887346]]]}},{"type":"Feature","properties":{"date":"2026-07-07","processing_id":"25dc8f76-31fc-4bff-9f89-22ed84947b08"},"geometry":{"type":"Polygon","coordinates":[[[36.21706472137666,-3.413573274871284],[36.217193906299315,-3.413726192950431],[36.2171922921395,-3.413745146916095],[36.21717330448179,-3.413743535620488],[36.217042622402936,-3.413588845338351],[36.21704030877829,-3.413584902882454],[36.21690923069314,-3.413236484910648],[36.216917107940894,-3.413219163871804],[36.21693445975997,-3.413227027146218],[36.21706472137666,-3.413573274871284]]]}},{"type":"Feature","properties":{"date":"2026-07-07","processing_id":"25dc8f76-31fc-4bff-9f89-22ed84947b08"},"geometry":{"type":"Polygon","coordinates":[[[36.20599959547917,-3.413281056921504],[36.206013070208435,-3.41329450774723],[36.20599959547917,-3.413307958572767],[36.205713678930906,-3.413307958572761],[36.20570020420164,-3.413294507747223],[36.205713678930906,-3.413281056921498],[36.20599959547917,-3.413281056921504]]]}},{"type":"Feature","properties":{"date":"2026-07-07","processing_id":"25dc8f76-31fc-4bff-9f89-22ed84947b08"},"geometry":{"type":"Polygon","coordinates":[[[36.20258413312144,-3.413490266083871],[36.20254085020323,-3.413312274108027],[36.20255076609041,-3.413296029935667],[36.202567039130656,-3.41330592823239],[36.20261059982361,-3.413485062499997],[36.20261095267475,-3.413487377862013],[36.20262085283225,-3.413642068145675],[36.202608264616785,-3.41365634917565],[36.20259395820253,-3.413643783295829],[36.20258413312144,-3.413490266083871]]]}},{"type":"Feature","properties":{"date":"2026-07-07","processing_id":"25dc8f76-31fc-4bff-9f89-22ed84947b08"},"geometry":{"type":"Polygon","coordinates":[[[36.19411148089186,-3.393308185990577],[36.194116007455825,-3.393308551125078],[36.19453260608294,-3.393414718278647],[36.19454232900708,-3.393431078606079],[36.19452593994354,-3.393440784482193],[36.19411157333241,-3.393335186144668],[36.193842603565216,-3.393359061613559],[36.19382798830132,-3.393346854778007],[36.19384021657669,-3.393332265138826],[36.19411148089186,-3.393308185990577]]]}},{"type":"Feature","properties":{"date":"2026-07-07","processing_id":"25dc8f76-31fc-4bff-9f89-22ed84947b08"},"geometry":{"type":"Polygon","coordinates":[[[36.220505924998,-3.394134355684299],[36.220488391717026,-3.394141807221494],[36.22048092708606,-3.394124304695726],[36.22062150932239,-3.393775886720395],[36.220639042603366,-3.393768435180378],[36.22064650723434,-3.393785937712593],[36.220505924998,-3.394134355684299]]]}},{"type":"Feature","properties":{"date":"2026-07-07","processing_id":"25dc8f76-31fc-4bff-9f89-22ed84947b08"},"geometry":{"type":"Polygon","coordinates":[[[36.203828818031965,-3.396463182499375],[36.20481684945552,-3.396810955353462],[36.204825076472666,-3.396828113896727],[36.204807887730816,-3.396836326459866],[36.203819060000896,-3.396488273326483],[36.20381750866852,-3.396487615710154],[36.203313788655514,-3.396235879166981],[36.203307771744235,-3.396217829621877],[36.203325853044966,-3.396211823277836],[36.203828818031965,-3.396463182499375]]]}},{"type":"Feature","properties":{"date":"2026-07-07","processing_id":"25dc8f76-31fc-4bff-9f89-22ed84947b08"},"geometry":{"type":"Polygon","coordinates":[[[36.21584714804914,-3.411167226738244],[36.21585973963386,-3.411181504844943],[36.215845436184914,-3.411194074120249],[36.215317163781336,-3.41116050924787],[36.215304572196615,-3.411146231140858],[36.21531887564556,-3.411133661864928],[36.21584714804914,-3.411167226738244]]]}},{"type":"Feature","properties":{"date":"2026-07-07","processing_id":"25dc8f76-31fc-4bff-9f89-22ed84947b08"},"geometry":{"type":"Polygon","coordinates":[[[36.219091394909604,-3.392975979762571],[36.21909789984248,-3.392974308568602],[36.21913670845984,-3.392974308568604],[36.21915018318911,-3.39298775967782],[36.21913670845984,-3.393001210786849],[36.21910136773823,-3.393001210786847],[36.21901688738317,-3.393047697888157],[36.21899858184958,-3.393042411503544],[36.2190038775174,-3.393024138058981],[36.219091394909604,-3.392975979762571]]]}},{"type":"Feature","properties":{"date":"2026-07-07","processing_id":"25dc8f76-31fc-4bff-9f89-22ed84947b08"},"geometry":{"type":"Polygon","coordinates":[[[36.1822403458306,-3.394895801085119],[36.18220052176065,-3.394826803091408],[36.18213667537972,-3.394918335550498],[36.182069497068156,-3.395268686592648],[36.18206749612565,-3.395273586293824],[36.18185880080579,-3.395588074556505],[36.18184194984653,-3.3955914901772744],[36.18184202771311,-3.395564637273233],[36.18204353628912,-3.395260978892541],[36.18211074520284,-3.394910468249959],[36.1821129215744,-3.394905310726605],[36.18218969450421,-3.3947952463013182],[36.18232456717707,-3.394467528915111],[36.182329941148325,-3.394461201885368],[36.18246811055581,-3.394375861305721],[36.18258293048175,-3.394208912621421],[36.182601665801094,-3.394205436709063],[36.18260514782155,-3.394224139163117],[36.182488721969484,-3.39439342286829],[36.18248470321451,-3.394397248179839],[36.182347835184586,-3.394481784959491],[36.18221657393726,-3.394800727199071],[36.18226633720172,-3.394886945546024],[36.18226779571357,-3.394896666647502],[36.18223888725371,-3.395022534920279],[36.18222274207955,-3.395032639901658],[36.18221261933246,-3.395016523062696],[36.1822403458306,-3.394895801085119]]]}},{"type":"Feature","properties":{"date":"2026-07-07","processing_id":"25dc8f76-31fc-4bff-9f89-22ed84947b08"},"geometry":{"type":"Polygon","coordinates":[[[36.18221350544565,-3.395229271513892],[36.18201100069389,-3.39584050799724],[36.18192875319565,-3.396169103020833],[36.18191241396941,-3.396178892242576],[36.18190260752545,-3.396162581711456],[36.18198497683575,-3.395833500022276],[36.18198525643271,-3.395832537104109],[36.182188803670684,-3.395218153994177],[36.18219157079621,-3.395213390850715],[36.18227394010651,-3.395121817120702],[36.18229296874069,-3.395120795326209],[36.18229399233172,-3.395139790562566],[36.18221350544565,-3.395229271513892]]]}},{"type":"Feature","properties":{"date":"2026-07-07","processing_id":"25dc8f76-31fc-4bff-9f89-22ed84947b08"},"geometry":{"type":"Polygon","coordinates":[[[36.18619233936534,-3.3995234214782486],[36.18630416324637,-3.399509708662579],[36.18631165935263,-3.399510943591025],[36.18659282382531,-3.399646297590819],[36.18659910775761,-3.399664256174563],[36.18658111751436,-3.399670529048225],[36.18630351934242,-3.399536891887125],[36.186215886925616,-3.399547638135023],[36.18627261585587,-3.39961589502387],[36.18627084923217,-3.39963483571322],[36.186251875152536,-3.399633072198415],[36.18618111018483,-3.399547926991649],[36.18602838509309,-3.399467165947588],[36.18502545396439,-3.398968876489242],[36.18501939472575,-3.398950841110716],[36.18503746188614,-3.398944792530784],[36.18604054584286,-3.399443157931588],[36.18604084952285,-3.399443313632137],[36.18619233936534,-3.3995234214782486]]]}},{"type":"Feature","properties":{"date":"2026-07-07","processing_id":"25dc8f76-31fc-4bff-9f89-22ed84947b08"},"geometry":{"type":"Polygon","coordinates":[[[36.19161313700652,-3.406458359538214],[36.19161612108537,-3.40645115666894],[36.191943995393856,-3.406051426922564],[36.19214153568416,-3.40544599749284],[36.192170703451616,-3.405123171633788],[36.19218533410535,-3.405110983332116],[36.192197543963196,-3.405125588155817],[36.19216823949703,-3.405449926981024],[36.192167631509975,-3.405452884371956],[36.191968836347606,-3.406062159778512],[36.19196644983117,-3.406066515561135],[36.19163955680208,-3.4064650489694],[36.19163520459322,-3.406509154951513],[36.19162047386947,-3.406521222529836],[36.19160838493093,-3.406506517834105],[36.19161313700652,-3.406458359538214]]]}},{"type":"Feature","properties":{"date":"2026-07-07","processing_id":"25dc8f76-31fc-4bff-9f89-22ed84947b08"},"geometry":{"type":"Polygon","coordinates":[[[36.20999909330975,-3.410502049457723],[36.209996490284475,-3.410501183225968],[36.209749382353564,-3.410389908377204],[36.20974677371742,-3.410388359308279],[36.2092246340422,-3.409992529495931],[36.20864875715063,-3.409703040334879],[36.20864278285743,-3.40968497694078],[36.208660878284434,-3.409679013223326],[36.209237859462846,-3.409969057508577],[36.20923994839616,-3.409970359078133],[36.20976185634981,-3.410366013233415],[36.21000631490666,-3.410476095048824],[36.210266729151314,-3.41053416859545],[36.21027694188027,-3.410550228507786],[36.210260853473734,-3.410560423148822],[36.20999909330975,-3.410502049457723]]]}},{"type":"Feature","properties":{"date":"2026-07-07","processing_id":"25dc8f76-31fc-4bff-9f89-22ed84947b08"},"geometry":{"type":"Polygon","coordinates":[[[36.21389739412982,-3.413661170939412],[36.21331717057794,-3.413685551486029],[36.21331523710682,-3.413685494014004],[36.21269509124174,-3.413622377460515],[36.21268305277756,-3.413607631668572],[36.212697824779355,-3.413595614563976],[36.213317005980436,-3.413658632938668],[36.21389777042732,-3.413634229663375],[36.21390076640948,-3.413634438159863],[36.21435142157835,-3.413716891000796],[36.214362246238586,-3.413732546392329],[36.214353777264684,-3.413738381361016],[36.21431883770957,-3.41373827916291],[36.21389739412982,-3.413661170939412]]]}},{"type":"Feature","properties":{"date":"2026-07-07","processing_id":"25dc8f76-31fc-4bff-9f89-22ed84947b08"},"geometry":{"type":"Polygon","coordinates":[[[36.212268438319896,-3.377504394049792],[36.2122640055097,-3.377506533658809],[36.21143041224919,-3.377733826218586],[36.21142713120057,-3.377734298865428],[36.21118952742086,-3.377739041727838],[36.21118604582778,-3.377738656616291],[36.21065573955913,-3.37760871154673],[36.21023199984936,-3.377680844151655],[36.21021645178362,-3.377669845382751],[36.21022746969217,-3.377654324325954],[36.21065396847677,-3.377581722045663],[36.210659445762126,-3.377581918436597],[36.21119075473131,-3.377712109209245],[36.211424922560205,-3.37770743493249],[36.21225448908443,-3.377481240320865],[36.21258194907084,-3.377240835301434],[36.212600787550926,-3.37724370230348],[36.212597915561105,-3.377262508066669],[36.212268438319896,-3.377504394049792]]]}},{"type":"Feature","properties":{"date":"2026-07-07","processing_id":"25dc8f76-31fc-4bff-9f89-22ed84947b08"},"geometry":{"type":"Polygon","coordinates":[[[36.1888068706866,-3.377855409787618],[36.188792732448235,-3.377842655175024],[36.188805509258216,-3.377828541499085],[36.18918844734985,-3.377809205213386],[36.18920258558822,-3.377821959826421],[36.18918980877824,-3.377836073502454],[36.1888068706866,-3.377855409787618]]]}},{"type":"Feature","properties":{"date":"2026-07-07","processing_id":"25dc8f76-31fc-4bff-9f89-22ed84947b08"},"geometry":{"type":"Polygon","coordinates":[[[36.195023742619945,-3.378106796284855],[36.19501001653516,-3.378093600658175],[36.19502323513016,-3.378079898423325],[36.19527549114296,-3.378075155560803],[36.19528921722774,-3.378088351187734],[36.19527599863274,-3.378102053422464],[36.195023742619945,-3.378106796284855]]]}},{"type":"Feature","properties":{"date":"2026-07-07","processing_id":"25dc8f76-31fc-4bff-9f89-22ed84947b08"},"geometry":{"type":"Polygon","coordinates":[[[36.19473946470854,-3.378145337928309],[36.194724231141684,-3.37813390901859],[36.19473567994504,-3.378118701921638],[36.194939227183006,-3.378089879910883],[36.19495446074986,-3.378101308821121],[36.194943011946506,-3.378116515918345],[36.19473946470854,-3.378145337928309]]]}},{"type":"Feature","properties":{"date":"2026-07-07","processing_id":"25dc8f76-31fc-4bff-9f89-22ed84947b08"},"geometry":{"type":"Polygon","coordinates":[[[36.19566864226286,-3.378099239999101],[36.195681654171324,-3.378113137980974],[36.19566773199852,-3.378126127279987],[36.19538656752586,-3.378116641555184],[36.195373555617394,-3.37810274357336],[36.19538747779019,-3.378089754274035],[36.19566864226286,-3.378099239999101]]]}},{"type":"Feature","properties":{"date":"2026-07-07","processing_id":"25dc8f76-31fc-4bff-9f89-22ed84947b08"},"geometry":{"type":"Polygon","coordinates":[[[36.194123864835674,-3.378222710632681],[36.19410880974057,-3.378211048434919],[36.19412049223897,-3.378196019500801],[36.194697077411085,-3.37812341722051],[36.19471213250619,-3.378135079419324],[36.19470045000779,-3.378150108354386],[36.194123864835674,-3.378222710632681]]]}},{"type":"Feature","properties":{"date":"2026-07-07","processing_id":"25dc8f76-31fc-4bff-9f89-22ed84947b08"},"geometry":{"type":"Polygon","coordinates":[[[36.208347160874226,-3.378841661685349],[36.20882564182319,-3.379488146840042],[36.20882826713382,-3.379495575942845],[36.20884278847857,-3.379840881500949],[36.209116850883504,-3.380345137424183],[36.209431487115154,-3.380765376623928],[36.20942876079941,-3.38078420391407],[36.20940990068648,-3.380781482343034],[36.20909467967206,-3.380360462093706],[36.20909362906502,-3.380358823952856],[36.20881761267425,-3.379850972836678],[36.208815993624356,-3.379845122305755],[36.2088015144778,-3.379500820187441],[36.208324403073156,-3.378856185460437],[36.20832266575228,-3.37885302529918],[36.20813093683515,-3.378355917144236],[36.20786580318218,-3.378270692094461],[36.20785710704698,-3.378253765325497],[36.20787406328154,-3.378245084301839],[36.208134313676965,-3.3783287396705197],[36.2083366233629,-3.37792443229608],[36.20845269788129,-3.377331181121304],[36.20846850576592,-3.377320557825636],[36.20847914754402,-3.377336338255392],[36.20836272169195,-3.377931385075605],[36.208361551355914,-3.377934817466221],[36.208155907834914,-3.378345787364679],[36.208347160874226,-3.378841661685349]]]}},{"type":"Feature","properties":{"date":"2026-07-07","processing_id":"25dc8f76-31fc-4bff-9f89-22ed84947b08"},"geometry":{"type":"Polygon","coordinates":[[[36.22026697006715,-3.380336980720808],[36.220252305575734,-3.380324832696932],[36.22026447477245,-3.38031019371964],[36.220472774086005,-3.380290857433922],[36.22048743857743,-3.380303005458224],[36.220475269380714,-3.380317644435624],[36.22026697006715,-3.380336980720808]]]}},{"type":"Feature","properties":{"date":"2026-07-07","processing_id":"25dc8f76-31fc-4bff-9f89-22ed84947b08"},"geometry":{"type":"Polygon","coordinates":[[[36.22065895547732,-3.380351243906925],[36.220644713159345,-3.380338605246469],[36.220657373847956,-3.380324387708309],[36.22098685108916,-3.380305051422608],[36.22100109340713,-3.380317690083501],[36.22098843271852,-3.38033190762176],[36.22065895547732,-3.380351243906925]]]}},{"type":"Feature","properties":{"date":"2026-07-07","processing_id":"25dc8f76-31fc-4bff-9f89-22ed84947b08"},"geometry":{"type":"Polygon","coordinates":[[[36.221442280813534,-3.380426754951739],[36.22144881918103,-3.380439132521703],[36.221448802898664,-3.3804448275111056],[36.2214343133319,-3.380452454914026],[36.22110483609068,-3.380350665790118],[36.22109594745264,-3.380333838998109],[36.221112803572325,-3.380324965825135],[36.221442280813534,-3.380426754951739]]]}},{"type":"Feature","properties":{"date":"2026-07-07","processing_id":"25dc8f76-31fc-4bff-9f89-22ed84947b08"},"geometry":{"type":"Polygon","coordinates":[[[36.20962215717968,-3.381285916101437],[36.20961444759051,-3.381303312722256],[36.20959702063173,-3.381295616554465],[36.20943228201112,-3.38087021827688],[36.209439991600284,-3.380852821648292],[36.20945741855906,-3.380860517819598],[36.20962215717968,-3.381285916101437]]]}},{"type":"Feature","properties":{"date":"2026-07-07","processing_id":"25dc8f76-31fc-4bff-9f89-22ed84947b08"},"geometry":{"type":"Polygon","coordinates":[[[36.200618269880245,-3.381292119969753],[36.20062915270712,-3.381307735650783],[36.20061350979383,-3.381318599531947],[36.20037115393852,-3.381275184099191],[36.200360271111634,-3.381259568417637],[36.200375914024924,-3.381248704535812],[36.200618269880245,-3.381292119969753]]]}},{"type":"Feature","properties":{"date":"2026-07-07","processing_id":"25dc8f76-31fc-4bff-9f89-22ed84947b08"},"geometry":{"type":"Polygon","coordinates":[[[36.20975797182513,-3.381610215052815],[36.209750317696646,-3.381627636055403],[36.20973286630775,-3.381619995254308],[36.20962119253129,-3.381334329001029],[36.20962884665977,-3.381316907993173],[36.20964629804867,-3.381324548796656],[36.20975797182513,-3.381610215052815]]]}},{"type":"Feature","properties":{"date":"2026-07-07","processing_id":"25dc8f76-31fc-4bff-9f89-22ed84947b08"},"geometry":{"type":"Polygon","coordinates":[[[36.1916208560655,-3.381974577549821],[36.1918999906158,-3.382459565457179],[36.19190165649315,-3.382464436873381],[36.19193096095931,-3.382677500849219],[36.191929521872886,-3.382685621177838],[36.191706570326254,-3.383106276592362],[36.191703167403425,-3.383110417184037],[36.19157208931827,-3.383216949170595],[36.191553132382715,-3.383215010584061],[36.1915550743538,-3.383196086687243],[36.19168402967018,-3.383091279950873],[36.19190367173368,-3.382676868722092],[36.19187531480685,-3.382470694020848],[36.19159545891486,-3.381984452809228],[36.191593696972,-3.381976867071773],[36.191603597129486,-3.381826919650584],[36.19161792887255,-3.381814382150616],[36.191630488243476,-3.381828688936305],[36.1916208560655,-3.381974577549821]]]}},{"type":"Feature","properties":{"date":"2026-07-07","processing_id":"25dc8f76-31fc-4bff-9f89-22ed84947b08"},"geometry":{"type":"Polygon","coordinates":[[[36.19837293955265,-3.382784159613735],[36.19835405610268,-3.382786714836269],[36.19835149642016,-3.382767864288636],[36.198937981749765,-3.381998790891399],[36.19895686519973,-3.381996235666787],[36.198959424882254,-3.382015086229424],[36.19837293955265,-3.382784159613735]]]}},{"type":"Feature","properties":{"date":"2026-07-07","processing_id":"25dc8f76-31fc-4bff-9f89-22ed84947b08"},"geometry":{"type":"Polygon","coordinates":[[[36.19183406286578,-3.385872225751767],[36.191820370424836,-3.385885456058497],[36.191807116983085,-3.385871787518872],[36.19183118251688,-3.3843972162892646],[36.19153963854228,-3.384096216216702],[36.19153995922992,-3.384077195994614],[36.191559012676244,-3.384077516123063],[36.191844752850315,-3.384372524157127],[36.192290472812466,-3.383912968750379],[36.192309526470964,-3.38391266146418],[36.19230983429388,-3.38393168190131],[36.191858132474536,-3.3843974048370757],[36.19183406286578,-3.385872225751767]]]}},{"type":"Feature","properties":{"date":"2026-07-07","processing_id":"25dc8f76-31fc-4bff-9f89-22ed84947b08"},"geometry":{"type":"Polygon","coordinates":[[[36.219221925220545,-3.385962966256973],[36.21930816438565,-3.386066968702208],[36.22048966267438,-3.386153743669686],[36.22050211237354,-3.386168145596758],[36.220487685258504,-3.386180573560109],[36.2193004583725,-3.386093377859045],[36.21929106708965,-3.386088540009027],[36.219198797621864,-3.385977265159833],[36.21919586166678,-3.385970746963975],[36.21901647081309,-3.384814583031242],[36.21902772425706,-3.384799231410872],[36.219043102704845,-3.38481046522345],[36.219221925220545,-3.385962966256973]]]}},{"type":"Feature","properties":{"date":"2026-07-07","processing_id":"25dc8f76-31fc-4bff-9f89-22ed84947b08"},"geometry":{"type":"Polygon","coordinates":[[[36.20460125652936,-3.385965322340065],[36.20434486174905,-3.386515637346427],[36.203952611892,-3.387579340999455],[36.20393531184312,-3.387587317342157],[36.203927321538615,-3.387570047522316],[36.20431976378145,-3.386505822146776],[36.20432019102336,-3.386504796349242],[36.20457719911176,-3.385953164957572],[36.20457806058122,-3.385951597644015],[36.204912289898026,-3.385429153097602],[36.20493089888181,-3.385425056312641],[36.20493500282866,-3.38544363282138],[36.20460125652936,-3.385965322340065]]]}},{"type":"Feature","properties":{"date":"2026-07-07","processing_id":"25dc8f76-31fc-4bff-9f89-22ed84947b08"},"geometry":{"type":"Polygon","coordinates":[[[36.20945783071548,-3.386156175058345],[36.20944123410539,-3.386165522960205],[36.209431869854704,-3.386148955325682],[36.20951423916501,-3.385853803344918],[36.2095308357751,-3.385844455440049],[36.209540200025785,-3.385861023079781],[36.20945783071548,-3.386156175058345]]]}},{"type":"Feature","properties":{"date":"2026-07-07","processing_id":"25dc8f76-31fc-4bff-9f89-22ed84947b08"},"geometry":{"type":"Polygon","coordinates":[[[36.20498954599462,-3.386346357359062],[36.204971925991934,-3.386353602245848],[36.204964668432936,-3.386336013008849],[36.20508584636059,-3.386045603890094],[36.205103466363276,-3.386038359001005],[36.20511072392228,-3.38605594824341],[36.20498954599462,-3.386346357359062]]]}},{"type":"Feature","properties":{"date":"2026-07-07","processing_id":"25dc8f76-31fc-4bff-9f89-22ed84947b08"},"geometry":{"type":"Polygon","coordinates":[[[36.1969024946838,-3.386519109793472],[36.196900281182465,-3.38652778834826],[36.19685196841393,-3.386600025791444],[36.19683327982093,-3.38660374395459],[36.19682955515328,-3.386585087997918],[36.19687522664035,-3.386516799808347],[36.196846745960634,-3.386201933145715],[36.19685895431873,-3.386187326786519],[36.19687358622393,-3.386199513829925],[36.1969024946838,-3.386519109793472]]]}},{"type":"Feature","properties":{"date":"2026-07-07","processing_id":"25dc8f76-31fc-4bff-9f89-22ed84947b08"},"geometry":{"type":"Polygon","coordinates":[[[36.209181471880484,-3.387060404704521],[36.20918042331162,-3.38706313957974],[36.20855652026418,-3.388275379293439],[36.208479237484816,-3.388771597212786],[36.208463852647185,-3.388782822257265],[36.208452607940494,-3.388767464321141],[36.2085302251752,-3.388269098925484],[36.20853155452376,-3.388265018381181],[36.209155778181646,-3.38705215571001],[36.20934469490673,-3.386333030195297],[36.20936114699358,-3.386323431087045],[36.20937076289166,-3.38633985444768],[36.209181471880484,-3.387060404704521]]]}},{"type":"Feature","properties":{"date":"2026-07-07","processing_id":"25dc8f76-31fc-4bff-9f89-22ed84947b08"},"geometry":{"type":"Polygon","coordinates":[[[36.21927610689482,-3.38702265167549],[36.21926305037957,-3.387036507777907],[36.21924917003135,-3.387023474069415],[36.21922976572269,-3.386390119512588],[36.21924282223794,-3.386376263400919],[36.21925670258615,-3.386389297118124],[36.21927610689482,-3.38702265167549]]]}},{"type":"Feature","properties":{"date":"2026-07-07","processing_id":"25dc8f76-31fc-4bff-9f89-22ed84947b08"},"geometry":{"type":"Polygon","coordinates":[[[36.19627746690519,-3.386725385956071],[36.19627646335702,-3.386728690476175],[36.19605826388597,-3.387212462445023],[36.19604044503299,-3.387219205283001],[36.1960336903949,-3.387201417558813],[36.19625117387444,-3.386719233015945],[36.19630434716823,-3.386401718976277],[36.19631985926796,-3.386390669815508],[36.196330927755625,-3.386406154829233],[36.19627746690519,-3.386725385956071]]]}},{"type":"Feature","properties":{"date":"2026-07-07","processing_id":"25dc8f76-31fc-4bff-9f89-22ed84947b08"},"geometry":{"type":"Polygon","coordinates":[[[36.19603056398614,-3.386555630139505],[36.19603944291396,-3.386572461931416],[36.1960225816774,-3.386581325353916],[36.195678452203104,-3.386474793367614],[36.195669573275296,-3.386457961574004],[36.19568643451185,-3.386449098150376],[36.19603056398614,-3.386555630139505]]]}},{"type":"Feature","properties":{"date":"2026-07-07","processing_id":"25dc8f76-31fc-4bff-9f89-22ed84947b08"},"geometry":{"type":"Polygon","coordinates":[[[36.19600316777313,-3.386778749298484],[36.196009964002116,-3.38679652123654],[36.19599216097066,-3.38680330559567],[36.19548329287577,-3.38657601303572],[36.19547649664679,-3.386558241093616],[36.19549429967824,-3.386551456732768],[36.19600316777313,-3.386778749298484]]]}},{"type":"Feature","properties":{"date":"2026-07-07","processing_id":"25dc8f76-31fc-4bff-9f89-22ed84947b08"},"geometry":{"type":"Polygon","coordinates":[[[36.183254431775254,-3.387494887066262],[36.18326021024867,-3.387513014244876],[36.1832420513417,-3.387518782621723],[36.18213211407747,-3.3869457249929686],[36.18209906938428,-3.387052899088391],[36.18219852140631,-3.3875302702243015],[36.18226856082798,-3.387551998512127],[36.18227615089751,-3.387557980852443],[36.182353768132224,-3.387688591988991],[36.182349054005684,-3.38770702357174],[36.18233059015808,-3.387702317682993],[36.1822556159819,-3.387576154180291],[36.1821829457582,-3.387553609740902],[36.182181298873395,-3.387552978093411],[36.18192943886689,-3.387436960382235],[36.18192284975016,-3.387419110901718],[36.18194073047157,-3.387412533297303],[36.182168306709364,-3.387517364847433],[36.18207197860108,-3.387054988544274],[36.18207229254227,-3.387048292781528],[36.182109409555025,-3.386927910901491],[36.1820393422288,-3.386802314895169],[36.18203771939984,-3.386797230361937],[36.181965250247025,-3.386134688959888],[36.181977182755375,-3.386119857177161],[36.18199204047733,-3.386131768853258],[36.18206421362485,-3.386791604061789],[36.18213377642489,-3.386916295704145],[36.183254431775254,-3.387494887066262]]]}},{"type":"Feature","properties":{"date":"2026-07-07","processing_id":"25dc8f76-31fc-4bff-9f89-22ed84947b08"},"geometry":{"type":"Polygon","coordinates":[[[36.20460157981463,-3.387222580034244],[36.204583617443014,-3.387228932082527],[36.20457725427845,-3.387211001090607],[36.20467902789743,-3.386997937113913],[36.20469699026904,-3.386991585064115],[36.20470335343361,-3.387009516060099],[36.20460157981463,-3.387222580034244]]]}},{"type":"Feature","properties":{"date":"2026-07-07","processing_id":"25dc8f76-31fc-4bff-9f89-22ed84947b08"},"geometry":{"type":"Polygon","coordinates":[[[36.2083041349868,-3.387661915279449],[36.20828653794131,-3.38766921554681],[36.20827922489493,-3.387651649250796],[36.20839525474069,-3.38737109069261],[36.20841285178618,-3.387363790423],[36.20842016483256,-3.387381356724238],[36.2083041349868,-3.387661915279449]]]}},{"type":"Feature","properties":{"date":"2026-07-07","processing_id":"25dc8f76-31fc-4bff-9f89-22ed84947b08"},"geometry":{"type":"Polygon","coordinates":[[[36.20782440342683,-3.388328973880743],[36.207807169836585,-3.388337092315691],[36.20779903718482,-3.388319888851693],[36.2080754495819,-3.387550815457315],[36.20809268317213,-3.38754269701577],[36.208100815823904,-3.387559900493583],[36.20782440342683,-3.388328973880743]]]}},{"type":"Feature","properties":{"date":"2026-07-07","processing_id":"25dc8f76-31fc-4bff-9f89-22ed84947b08"},"geometry":{"type":"Polygon","coordinates":[[[36.20605155913175,-3.387804899493877],[36.20603548632738,-3.38781511886955],[36.20602524906129,-3.387799074153589],[36.20607356182984,-3.3875816321506],[36.20608963463422,-3.387571412772462],[36.20609987190029,-3.387587457492198],[36.20605155913175,-3.387804899493877]]]}},{"type":"Feature","properties":{"date":"2026-07-07","processing_id":"25dc8f76-31fc-4bff-9f89-22ed84947b08"},"geometry":{"type":"Polygon","coordinates":[[[36.185846018211116,-3.388549103743356],[36.18629070699578,-3.388698775744659],[36.18629917038017,-3.388715819490406],[36.18628209678119,-3.388724268076436],[36.185836589694205,-3.388574320657349],[36.18583499500338,-3.388573667792627],[36.18436185156914,-3.387857495569088],[36.18435563688374,-3.387839512769514],[36.18437365116537,-3.387833308944924],[36.185846018211116,-3.388549103743356]]]}},{"type":"Feature","properties":{"date":"2026-07-07","processing_id":"25dc8f76-31fc-4bff-9f89-22ed84947b08"},"geometry":{"type":"Polygon","coordinates":[[[36.20781859300159,-3.388708473613375],[36.20780015405241,-3.388713275795553],[36.207795343458876,-3.38869486908685],[36.20792602553772,-3.388472319384923],[36.20794446448691,-3.388467517201549],[36.20794927508044,-3.388485923914577],[36.20781859300159,-3.388708473613375]]]}},{"type":"Feature","properties":{"date":"2026-07-07","processing_id":"25dc8f76-31fc-4bff-9f89-22ed84947b08"},"geometry":{"type":"Polygon","coordinates":[[[36.208093677394295,-3.389136032196416],[36.20790838596569,-3.389487108114385],[36.2080281026096,-3.38997946372498],[36.20820231202348,-3.390389622523778],[36.208195166255045,-3.390407257239283],[36.2081775006203,-3.390400123977744],[36.208002861842196,-3.389988954287669],[36.208002173030074,-3.389986876367429],[36.207880995102414,-3.389488510974472],[36.20788216825026,-3.389479068278112],[36.20807106325514,-3.389121164577336],[36.20807430855397,-3.389117142589388],[36.20844259441253,-3.388807762019034],[36.20846158038692,-3.388809393002396],[36.20845994654661,-3.388828345777569],[36.208093677394295,-3.389136032196416]]]}},{"type":"Feature","properties":{"date":"2026-07-07","processing_id":"25dc8f76-31fc-4bff-9f89-22ed84947b08"},"geometry":{"type":"Polygon","coordinates":[[[36.2099927363607,-3.38911095473514],[36.20997501501198,-3.389103960530611],[36.20998202147021,-3.389086270174805],[36.21030674663583,-3.388945808476878],[36.21032446798455,-3.388952802682549],[36.210317461526316,-3.388970493040796],[36.2099927363607,-3.38911095473514]]]}},{"type":"Feature","properties":{"date":"2026-07-07","processing_id":"25dc8f76-31fc-4bff-9f89-22ed84947b08"},"geometry":{"type":"Polygon","coordinates":[[[36.19463417967266,-3.390375462424809],[36.19461686597417,-3.390383409176563],[36.19460890528941,-3.390366125780909],[36.19501599976531,-3.389267970696753],[36.19503331346381,-3.389260023935836],[36.19504127414857,-3.389277307351253],[36.19463417967266,-3.390375462424809]]]}},{"type":"Feature","properties":{"date":"2026-07-07","processing_id":"25dc8f76-31fc-4bff-9f89-22ed84947b08"},"geometry":{"type":"Polygon","coordinates":[[[36.221136441308005,-3.391513959267233],[36.22114599779266,-3.391530417061463],[36.22112951112356,-3.391539956808693],[36.220891907343834,-3.391476840255178],[36.22088235085918,-3.391460382460036],[36.22089883752828,-3.391450842712021],[36.221136441308005,-3.391513959267233]]]}},{"type":"Feature","properties":{"date":"2026-07-07","processing_id":"25dc8f76-31fc-4bff-9f89-22ed84947b08"},"geometry":{"type":"Polygon","coordinates":[[[36.221234057284384,-3.391905355576078],[36.22082536545863,-3.391835000652047],[36.22081437662826,-3.391819459293187],[36.22082994525905,-3.391808489712052],[36.22124208124524,-3.3918794375386696],[36.22140224240362,-3.391578653483645],[36.22141698340211,-3.3915741525535226],[36.2214168852833,-3.391608471014604],[36.22126236906133,-3.391898653826238],[36.22121915711418,-3.392176966237352],[36.22121747013467,-3.392181701460192],[36.22113510082437,-3.392322163155324],[36.22111666469544,-3.392326976097739],[36.22111184330481,-3.392308572273138],[36.221192918101785,-3.392170318067521],[36.221234057284384,-3.391905355576078]]]}},{"type":"Feature","properties":{"date":"2026-07-07","processing_id":"25dc8f76-31fc-4bff-9f89-22ed84947b08"},"geometry":{"type":"Polygon","coordinates":[[[36.2083680937668,-3.392696516887695],[36.20835548007909,-3.392710775814152],[36.20834119611817,-3.39269818423355],[36.208302387500815,-3.392074315401926],[36.208315001188524,-3.39206005646608],[36.20832928514945,-3.392072648054994],[36.2083680937668,-3.392696516887695]]]}},{"type":"Feature","properties":{"date":"2026-07-07","processing_id":"25dc8f76-31fc-4bff-9f89-22ed84947b08"},"geometry":{"type":"Polygon","coordinates":[[[36.18266095966043,-3.393152936528204],[36.18264686287881,-3.393165736584099],[36.18263404034375,-3.393151664515519],[36.182662498611265,-3.392551518216685],[36.182647156430605,-3.392545261937791],[36.18264387062086,-3.392537451389986],[36.18263897154736,-3.392530534271944],[36.1826971844734,-3.392191966858133],[36.18271274444295,-3.392180985042],[36.18272374553403,-3.392196517748994],[36.182667362681144,-3.3925244414232543],[36.18267195960273,-3.3925263159693104],[36.18274184452869,-3.392434995671003],[36.18298317537655,-3.391644834354821],[36.18301193761461,-3.391433211067433],[36.18302710159036,-3.39142169046027],[36.18303864240907,-3.391436827879178],[36.18300973394921,-3.391649527018647],[36.18300927054468,-3.391651641386156],[36.18276691468936,-3.392445158757182],[36.182764733452835,-3.392449401646179],[36.182689669268264,-3.3925474898035737],[36.18266095966043,-3.393152936528204]]]}},{"type":"Feature","properties":{"date":"2026-07-07","processing_id":"25dc8f76-31fc-4bff-9f89-22ed84947b08"},"geometry":{"type":"Polygon","coordinates":[[[36.18290292287607,-3.393525358163237],[36.18290270641294,-3.393527262509468],[36.18283498933572,-3.393889909069468],[36.182819273578026,-3.393900667533481],[36.18280849621204,-3.393884979338974],[36.18287603693073,-3.393523277233535],[36.18291480544349,-3.392595365750478],[36.18292882997299,-3.392582486840066],[36.18294173149343,-3.392596486791433],[36.18290292287607,-3.393525358163237]]]}},{"type":"Feature","properties":{"date":"2026-07-07","processing_id":"25dc8f76-31fc-4bff-9f89-22ed84947b08"},"geometry":{"type":"Polygon","coordinates":[[[36.20845505765255,-3.393217583354283],[36.20844398196159,-3.393233063125372],[36.20842847500421,-3.393222006851957],[36.20834610569391,-3.392728749156547],[36.20835718138489,-3.392713269377379],[36.20837268834225,-3.392724325656614],[36.20845505765255,-3.393217583354283]]]}},{"type":"Feature","properties":{"date":"2026-07-07","processing_id":"25dc8f76-31fc-4bff-9f89-22ed84947b08"},"geometry":{"type":"Polygon","coordinates":[[[36.22026817656083,-3.39295994012039],[36.220278971779045,-3.392975616093993],[36.220263268278764,-3.392986392389119],[36.21992389088006,-3.392923640671194],[36.219913095661845,-3.392907964696748],[36.21992879916213,-3.392897188400748],[36.22026817656083,-3.39295994012039]]]}},{"type":"Feature","properties":{"date":"2026-07-07","processing_id":"25dc8f76-31fc-4bff-9f89-22ed84947b08"},"geometry":{"type":"Polygon","coordinates":[[[36.220906868584564,-3.393217515606894],[36.22067986442748,-3.39369980151357],[36.220661938601246,-3.393706255576534],[36.22065547320016,-3.393688361185999],[36.2208831768224,-3.393204589211531],[36.22088491331172,-3.393201828682366],[36.22109360863158,-3.392945349271329],[36.221112563345756,-3.392943389178675],[36.22111452688024,-3.392962310667419],[36.220906868584564,-3.393217515606894]]]}},{"type":"Feature","properties":{"date":"2026-07-07","processing_id":"25dc8f76-31fc-4bff-9f89-22ed84947b08"},"geometry":{"type":"Polygon","coordinates":[[[36.19788908940897,-3.396319405860594],[36.197134857680346,-3.396517418470383],[36.19713287543561,-3.396517783269358],[36.196683794785145,-3.396566136867877],[36.196168024303475,-3.396749091096435],[36.19566493260963,-3.397033812801233],[36.19564656503458,-3.397028745418621],[36.19565164133676,-3.397010410117017],[36.19615575735607,-3.396725108694408],[36.19615789120727,-3.396724135412291],[36.196676263453355,-3.396540258280396],[36.196679330210436,-3.39653955942087],[36.19712898055222,-3.396491144480976],[36.19788397916038,-3.396292930532665],[36.19788752699848,-3.396292488702155],[36.198459360095,-3.396297596400262],[36.19847271371966,-3.396311167278219],[36.19845911896457,-3.396324497449064],[36.19788908940897,-3.396319405860594]]]}},{"type":"Feature","properties":{"date":"2026-07-07","processing_id":"25dc8f76-31fc-4bff-9f89-22ed84947b08"},"geometry":{"type":"Polygon","coordinates":[[[36.199139549485956,-3.396714706083879],[36.19912099881501,-3.396719058385965],[36.19911663885345,-3.396700540304245],[36.19925685712045,-3.396474558224514],[36.19888265964241,-3.396386893914098],[36.19887262000247,-3.396370725379004],[36.19888881698637,-3.396360703372812],[36.19927916300795,-3.3964521508510606],[36.199669460106875,-3.396418406606685],[36.19967241188958,-3.396418475529198],[36.20021387382312,-3.396490882210379],[36.20163208596668,-3.396370246711698],[36.201646656094766,-3.396382507159657],[36.20163437407439,-3.396397051696234],[36.20021469149057,-3.396517812269663],[36.2002117583472,-3.396517741748653],[36.19967030579677,-3.396445336324237],[36.19928607688545,-3.396478555925291],[36.199139549485956,-3.396714706083879]]]}},{"type":"Feature","properties":{"date":"2026-07-07","processing_id":"25dc8f76-31fc-4bff-9f89-22ed84947b08"},"geometry":{"type":"Polygon","coordinates":[[[36.1988304096426,-3.397259438111079],[36.19881272069575,-3.397266513519327],[36.198805632831714,-3.397248855657875],[36.198921662677485,-3.396978147660222],[36.19893935162433,-3.39697107224986],[36.198946439488374,-3.396988730116395],[36.1988304096426,-3.397259438111079]]]}},{"type":"Feature","properties":{"date":"2026-07-07","processing_id":"25dc8f76-31fc-4bff-9f89-22ed84947b08"},"geometry":{"type":"Polygon","coordinates":[[[36.20459802053429,-3.397786943747799],[36.20457904649558,-3.397785179790887],[36.20458081355878,-3.397766239106077],[36.20552093251387,-3.396987679982032],[36.20552619534541,-3.3969881692513906],[36.20553008091933,-3.396984592261304],[36.206122951712246,-3.397008545408417],[36.206234556629674,-3.396959487407252],[36.20625022434739,-3.396861686513103],[36.20565114584434,-3.396880865318822],[36.20563724612404,-3.396867852331895],[36.20565028201422,-3.396853977032348],[36.20625837821231,-3.396834509534999],[36.206582786756826,-3.396301063491016],[36.206644748404216,-3.395967891186244],[36.206601963684875,-3.39580663974708],[36.20661153926917,-3.395790193092101],[36.2066280148524,-3.395799751863369],[36.20667157554536,-3.395963927872431],[36.206671798320826,-3.395969827028541],[36.2066088333192,-3.396308394440689],[36.2066071033665,-3.396312919415676],[36.20627899640397,-3.396852447001456],[36.20626000907402,-3.396970969550902],[36.20625213373878,-3.396981155863678],[36.20613095581112,-3.39703442185685],[36.20612498056472,-3.397035551508678],[36.20553415891473,-3.3970116811516395],[36.20459802053429,-3.397786943747799]]]}},{"type":"Feature","properties":{"date":"2026-07-07","processing_id":"25dc8f76-31fc-4bff-9f89-22ed84947b08"},"geometry":{"type":"Polygon","coordinates":[[[36.18991823516721,-3.397821304215377],[36.18991995961707,-3.39782168468456],[36.190903639265116,-3.398107350943113],[36.19091281362142,-3.398124023907189],[36.19089611129094,-3.398133182132824],[36.1899132813524,-3.397847762642502],[36.18912412352519,-3.397727135777632],[36.18911284357983,-3.397711803756082],[36.18912820259965,-3.39770054363859],[36.18991823516721,-3.397821304215377]]]}},{"type":"Feature","properties":{"date":"2026-07-07","processing_id":"25dc8f76-31fc-4bff-9f89-22ed84947b08"},"geometry":{"type":"Polygon","coordinates":[[[36.20532429238026,-3.397956625556713],[36.20492805755353,-3.398323491437616],[36.20490901487032,-3.398322776545281],[36.204909731021964,-3.398303767347222],[36.205306925340395,-3.397936013084505],[36.20530899763935,-3.397934437244291],[36.20561431849629,-3.397745817250102],[36.20563286749603,-3.397750176639566],[36.20562850042995,-3.397768693032876],[36.20532429238026,-3.397956625556713]]]}},{"type":"Feature","properties":{"date":"2026-07-07","processing_id":"25dc8f76-31fc-4bff-9f89-22ed84947b08"},"geometry":{"type":"Polygon","coordinates":[[[36.18227278476058,-3.398205501151964],[36.18226708407824,-3.398205769552479],[36.18183583321805,-3.39813353210974],[36.18183458364876,-3.3981317817050476],[36.18183464385356,-3.3981110196031366],[36.18184029303364,-3.398107000966176],[36.18226866442268,-3.398178756079966],[36.18260997268579,-3.398087933081029],[36.182626463523796,-3.398097465580415],[36.18261691423486,-3.398113927424038],[36.18227278476058,-3.398205501151964]]]}},{"type":"Feature","properties":{"date":"2026-07-07","processing_id":"25dc8f76-31fc-4bff-9f89-22ed84947b08"},"geometry":{"type":"Polygon","coordinates":[[[36.20571883756193,-3.398774143346578],[36.20572025096234,-3.398776170780874],[36.20605012420985,-3.399356624183699],[36.20604505295149,-3.399374960831499],[36.2060266839832,-3.399369898496128],[36.20569742380035,-3.398790523865852],[36.20525746912472,-3.398269027997752],[36.20525909597603,-3.39825007480867],[36.20527808255056,-3.398251698799392],[36.20571883756193,-3.398774143346578]]]}},{"type":"Feature","properties":{"date":"2026-07-07","processing_id":"25dc8f76-31fc-4bff-9f89-22ed84947b08"},"geometry":{"type":"Polygon","coordinates":[[[36.20627725183136,-3.398639892499085],[36.20627368248494,-3.398658578455603],[36.20625496360614,-3.398655015386888],[36.20608032482805,-3.39839853598011],[36.20608389417447,-3.398379850018556],[36.20610261305327,-3.398383413088287],[36.20627725183136,-3.398639892499085]]]}},{"type":"Feature","properties":{"date":"2026-07-07","processing_id":"25dc8f76-31fc-4bff-9f89-22ed84947b08"},"geometry":{"type":"Polygon","coordinates":[[[36.18534229570926,-3.399965372516372],[36.18534907235145,-3.399983151663597],[36.185331261855154,-3.39998991637782],[36.18433768204963,-3.39954481698275],[36.18433090540744,-3.399527037827445],[36.18434871590374,-3.399520273109975],[36.18534229570926,-3.399965372516372]]]}},{"type":"Feature","properties":{"date":"2026-07-07","processing_id":"25dc8f76-31fc-4bff-9f89-22ed84947b08"},"geometry":{"type":"Polygon","coordinates":[[[36.18806746608878,-3.400428654576066],[36.188049440875474,-3.400434826597597],[36.1880432579682,-3.400416833119707],[36.18838223936059,-3.399725104866463],[36.18840026457391,-3.399718932840389],[36.18840644748118,-3.3997369263313],[36.18806746608878,-3.400428654576066]]]}},{"type":"Feature","properties":{"date":"2026-07-07","processing_id":"25dc8f76-31fc-4bff-9f89-22ed84947b08"},"geometry":{"type":"Polygon","coordinates":[[[36.18266340143477,-3.400763243266494],[36.18265981912235,-3.400781926709203],[36.18264110272059,-3.400778350705161],[36.182078773775245,-3.399951268464528],[36.18208235608767,-3.399932585005724],[36.18210107248944,-3.399936161012903],[36.18266340143477,-3.400763243266494]]]}},{"type":"Feature","properties":{"date":"2026-07-07","processing_id":"25dc8f76-31fc-4bff-9f89-22ed84947b08"},"geometry":{"type":"Polygon","coordinates":[[[36.18578349240224,-3.400197428507953],[36.185790202769525,-3.400215232682459],[36.18577236719753,-3.400221931236825],[36.185505458951646,-3.400101170663242],[36.18549874858436,-3.40008336648663],[36.185516584156346,-3.400076667931302],[36.18578349240224,-3.400197428507953]]]}},{"type":"Feature","properties":{"date":"2026-07-07","processing_id":"25dc8f76-31fc-4bff-9f89-22ed84947b08"},"geometry":{"type":"Polygon","coordinates":[[[36.21173017097624,-3.400309957137206],[36.21171392995631,-3.40030000644013],[36.21172389820237,-3.400283794012108],[36.211946849749005,-3.400230528017518],[36.21196309076892,-3.400240478715311],[36.21195312252287,-3.400256691144061],[36.21173017097624,-3.400309957137206]]]}},{"type":"Feature","properties":{"date":"2026-07-07","processing_id":"25dc8f76-31fc-4bff-9f89-22ed84947b08"},"geometry":{"type":"Polygon","coordinates":[[[36.18625358813048,-3.400671919643754],[36.18625506072649,-3.400672769567266],[36.18674967259461,-3.401001486423588],[36.186753421441644,-3.401020137275148],[36.186734737683906,-3.401023879519598],[36.18624083518971,-3.400695634117754],[36.18548087031038,-3.40031877261522],[36.185474797444584,-3.40030074182978],[36.18549286002907,-3.400294679655143],[36.18625358813048,-3.400671919643754]]]}},{"type":"Feature","properties":{"date":"2026-07-07","processing_id":"25dc8f76-31fc-4bff-9f89-22ed84947b08"},"geometry":{"type":"Polygon","coordinates":[[[36.210967137080985,-3.400657535808495],[36.21094929055732,-3.400650866386746],[36.21095597174363,-3.400633051287896],[36.21165848691899,-3.400313820156257],[36.21167633344266,-3.400320489580338],[36.21166965225635,-3.400338304684963],[36.210967137080985,-3.400657535808495]]]}},{"type":"Feature","properties":{"date":"2026-07-07","processing_id":"25dc8f76-31fc-4bff-9f89-22ed84947b08"},"geometry":{"type":"Polygon","coordinates":[[[36.18976256214592,-3.400672103990838],[36.189768092137854,-3.400690307993083],[36.18974985602405,-3.400695828247308],[36.18926039223782,-3.400434605979276],[36.189254862245896,-3.400416401972205],[36.1892730983597,-3.400410881716379],[36.18976256214592,-3.400672103990838]]]}},{"type":"Feature","properties":{"date":"2026-07-07","processing_id":"25dc8f76-31fc-4bff-9f89-22ed84947b08"},"geometry":{"type":"Polygon","coordinates":[[[36.19053845338933,-3.401131719090145],[36.19054318486022,-3.401150145987228],[36.19052472544959,-3.401154869124263],[36.189788153732465,-3.400719620289272],[36.18978342226158,-3.400701193383961],[36.1898018816722,-3.400696470244703],[36.19053845338933,-3.401131719090145]]]}},{"type":"Feature","properties":{"date":"2026-07-07","processing_id":"25dc8f76-31fc-4bff-9f89-22ed84947b08"},"geometry":{"type":"Polygon","coordinates":[[[36.19347610069605,-3.402424546397618],[36.19347512912155,-3.402426884040256],[36.19313099964726,-3.403074832016111],[36.19312890567557,-3.403077751527777],[36.192815174350244,-3.403410416389286],[36.19270021248012,-3.403611074521802],[36.192317699217355,-3.404765955810818],[36.19230067568553,-3.404774504340363],[36.192292112040185,-3.404757510856927],[36.19267505013184,-3.403601346916681],[36.19267614682344,-3.40359889158497],[36.19279257267549,-3.403395678168633],[36.192794458477515,-3.40339313589234],[36.193108039556876,-3.403060630338126],[36.1934507225571,-3.402415405863319],[36.19392991104247,-3.400863880297761],[36.19394675762584,-3.400854989284066],[36.19395566432479,-3.400871806199495],[36.19347610069605,-3.402424546397618]]]}},{"type":"Feature","properties":{"date":"2026-07-07","processing_id":"25dc8f76-31fc-4bff-9f89-22ed84947b08"},"geometry":{"type":"Polygon","coordinates":[[[36.20943750107926,-3.40153639424688],[36.20941942577508,-3.401542418516302],[36.20941339087357,-3.401524375056463],[36.209544072952426,-3.401263152783575],[36.20956214825661,-3.401257128512409],[36.20956818315811,-3.401275171977249],[36.20943750107926,-3.40153639424688]]]}},{"type":"Feature","properties":{"date":"2026-07-07","processing_id":"25dc8f76-31fc-4bff-9f89-22ed84947b08"},"geometry":{"type":"Polygon","coordinates":[[[36.19845232643478,-3.401628591516685],[36.19843355669969,-3.401625305856834],[36.198436848158615,-3.401606569191107],[36.19889265140938,-3.401287338059882],[36.19891142114448,-3.401290623720885],[36.19890812968555,-3.401309360392753],[36.19845232643478,-3.401628591516685]]]}},{"type":"Feature","properties":{"date":"2026-07-07","processing_id":"25dc8f76-31fc-4bff-9f89-22ed84947b08"},"geometry":{"type":"Polygon","coordinates":[[[36.18993280836444,-3.401504364283525],[36.18993714689316,-3.401522887288475],[36.18991859119791,-3.401527218173776],[36.189599014114194,-3.401329112459241],[36.18959467558548,-3.401310589450568],[36.189613231280724,-3.401306258564293],[36.18993280836444,-3.401504364283525]]]}},{"type":"Feature","properties":{"date":"2026-07-07","processing_id":"25dc8f76-31fc-4bff-9f89-22ed84947b08"},"geometry":{"type":"Polygon","coordinates":[[[36.206617103440976,-3.401778361051629],[36.206598987946705,-3.401784263797905],[36.20659307478134,-3.401766180223318],[36.206753061326346,-3.401451691956221],[36.20677117682062,-3.401445789207909],[36.206777089985984,-3.401463872788506],[36.206617103440976,-3.401778361051629]]]}},{"type":"Feature","properties":{"date":"2026-07-07","processing_id":"25dc8f76-31fc-4bff-9f89-22ed84947b08"},"geometry":{"type":"Polygon","coordinates":[[[36.20905058549912,-3.401994632178493],[36.208983605630614,-3.402329513742726],[36.2090416943867,-3.403169394093062],[36.209029179760066,-3.403183739581441],[36.209014808929275,-3.403171247023884],[36.208956596003254,-3.402329571354633],[36.20895682480479,-3.40232601127076],[36.209024541881995,-3.40198744385681],[36.20902584331303,-3.401983790894076],[36.20916167347377,-3.401727311483631],[36.209179883649185,-3.401721706559818],[36.20918549846607,-3.401739884649559],[36.20905058549912,-3.401994632178493]]]}},{"type":"Feature","properties":{"date":"2026-07-07","processing_id":"25dc8f76-31fc-4bff-9f89-22ed84947b08"},"geometry":{"type":"Polygon","coordinates":[[[36.206487294882415,-3.402177881074175],[36.2064857617119,-3.402181197131832],[36.20627231431645,-3.402514656844301],[36.20625370432294,-3.402518748983704],[36.20624960495727,-3.402500171795344],[36.206462058169485,-3.402168265247986],[36.20656804487679,-3.401821610160621],[36.20658486612852,-3.40181267149036],[36.206593820577005,-3.401829463102078],[36.206487294882415,-3.402177881074175]]]}},{"type":"Feature","properties":{"date":"2026-07-07","processing_id":"25dc8f76-31fc-4bff-9f89-22ed84947b08"},"geometry":{"type":"Polygon","coordinates":[[[36.20214272649044,-3.402600509966341],[36.202155558185034,-3.402614573574814],[36.20214146974043,-3.402627382648591],[36.201937922502474,-3.402617896923801],[36.20192509080789,-3.402603833315376],[36.201939179252484,-3.402591024241286],[36.20214272649044,-3.402600509966341]]]}},{"type":"Feature","properties":{"date":"2026-07-07","processing_id":"25dc8f76-31fc-4bff-9f89-22ed84947b08"},"geometry":{"type":"Polygon","coordinates":[[[36.19425188753414,-3.403066271271584],[36.19424086854351,-3.403081791155063],[36.194225321244616,-3.403070791594856],[36.1941576041674,-3.402674215326454],[36.194168623158035,-3.40265869543641],[36.19418417045692,-3.402669695001322],[36.19425188753414,-3.403066271271584]]]}},{"type":"Feature","properties":{"date":"2026-07-07","processing_id":"25dc8f76-31fc-4bff-9f89-22ed84947b08"},"geometry":{"type":"Polygon","coordinates":[[[36.1834458484989,-3.40469441030729],[36.18344493703305,-3.404698764446845],[36.182980008327625,-3.405887889511692],[36.18285905548652,-3.406433398038954],[36.182858410069215,-3.406435486950079],[36.182636241511354,-3.406989907254893],[36.18261235844264,-3.40732933317205],[36.18267022508128,-3.407622729401138],[36.18265960711146,-3.407638525309444],[36.18264378322527,-3.407627926113063],[36.18258557029923,-3.4073327741342],[36.182585349614165,-3.407329233324289],[36.18260950599844,-3.406985923048462],[36.18261043670046,-3.406981869805778],[36.18283298023496,-3.406426513744118],[36.18295392075745,-3.405881060771065],[36.18295452454053,-3.405879077036858],[36.183419010564805,-3.404691084185398],[36.183477133402654,-3.403237278748685],[36.18349113475245,-3.403224374872632],[36.18350406142492,-3.403238351530792],[36.1834458484989,-3.40469441030729]]]}},{"type":"Feature","properties":{"date":"2026-07-07","processing_id":"25dc8f76-31fc-4bff-9f89-22ed84947b08"},"geometry":{"type":"Polygon","coordinates":[[[36.185779190478,-3.404362843284909],[36.18576047953794,-3.404366447644228],[36.185756868806784,-3.404347769723084],[36.186222176208744,-3.403661149166751],[36.186240887148806,-3.403657544804792],[36.186244497879954,-3.403676222739321],[36.185779190478,-3.404362843284909]]]}},{"type":"Feature","properties":{"date":"2026-07-07","processing_id":"25dc8f76-31fc-4bff-9f89-22ed84947b08"},"geometry":{"type":"Polygon","coordinates":[[[36.19798257637701,-3.404480633063401],[36.19796556716754,-3.404489209957406],[36.197956975110124,-3.404472230766014],[36.19808290511337,-3.404089883082405],[36.19809991432283,-3.404081306184845],[36.19810850638026,-3.404098285383127],[36.19798257637701,-3.404480633063401]]]}},{"type":"Feature","properties":{"date":"2026-07-07","processing_id":"25dc8f76-31fc-4bff-9f89-22ed84947b08"},"geometry":{"type":"Polygon","coordinates":[[[36.1998900010564,-3.404499317019736],[36.19987539920164,-3.404487094344615],[36.19988764348579,-3.404472518259368],[36.20032879450346,-3.404433845687957],[36.200343396358235,-3.404446068363755],[36.20033115207408,-3.404460644449402],[36.1998900010564,-3.404499317019736]]]}},{"type":"Feature","properties":{"date":"2026-07-07","processing_id":"25dc8f76-31fc-4bff-9f89-22ed84947b08"},"geometry":{"type":"Polygon","coordinates":[[[36.21585973792216,-3.404886720751403],[36.215859529004106,-3.404890117703084],[36.21578727725243,-3.405268884867939],[36.21590751973673,-3.405672174252143],[36.215908017790845,-3.405677298308692],[36.21584980486482,-3.40628183085461],[36.215835102657124,-3.406293933038857],[36.215822979054266,-3.406279256805333],[36.21588094060503,-3.405677334753116],[36.21576051210676,-3.405273421486099],[36.21576019007084,-3.405267068358332],[36.21583273377393,-3.404886770688234],[36.215813442003224,-3.404593330483268],[36.21582600539506,-3.404579027553039],[36.21584033361348,-3.404591568771467],[36.21585973792216,-3.404886720751403]]]}},{"type":"Feature","properties":{"date":"2026-07-07","processing_id":"25dc8f76-31fc-4bff-9f89-22ed84947b08"},"geometry":{"type":"Polygon","coordinates":[[[36.19863672246885,-3.404842740646862],[36.198620707162256,-3.404832431891228],[36.198631034146906,-3.404816444854361],[36.19887814207782,-3.40476317885979],[36.198894157384416,-3.404773487616166],[36.19888383039976,-3.404789474653747],[36.19863672246885,-3.404842740646862]]]}},{"type":"Feature","properties":{"date":"2026-07-07","processing_id":"25dc8f76-31fc-4bff-9f89-22ed84947b08"},"geometry":{"type":"Polygon","coordinates":[[[36.208045362376865,-3.405228783584416],[36.207674755928316,-3.40552201174071],[36.20766841476854,-3.40552476804175],[36.206427727032114,-3.405713388031081],[36.20642546458534,-3.405713539340219],[36.20503469046138,-3.405689460192656],[36.205030560802896,-3.40568873748094],[36.20391144700042,-3.405306389804051],[36.20390306161837,-3.405289307974825],[36.20392017366165,-3.405280937398394],[36.20503727964616,-3.405662599110113],[36.206424794306706,-3.405686621825674],[36.207660820050684,-3.405498710587262],[36.20803105399364,-3.405205777154699],[36.20803651494554,-3.405203184708084],[36.20825013026999,-3.4051560381679047],[36.208794012565114,-3.404488304668909],[36.20921474517575,-3.403695951323591],[36.20921557403198,-3.403694591471786],[36.20952089488891,-3.403254599765603],[36.20952288584909,-3.403252325984852],[36.20985552924666,-3.402949129916955],[36.209960917637,-3.402724264004557],[36.20996431922439,-3.402719780664749],[36.21031079360941,-3.40242131028505],[36.21000007399567,-3.401609694409585],[36.20968136372712,-3.401204871606907],[36.20968169196388,-3.4012021385160742],[36.20967921440657,-3.401200930020917],[36.209466163017424,-3.400581804054022],[36.20946554678359,-3.400579185343653],[36.2093494027259,-3.399696236496338],[36.20857212290611,-3.3980862882006657],[36.20769410510959,-3.397619178217495],[36.2076885511371,-3.397600981433664],[36.20770677996173,-3.397595437223327],[36.2085679624771,-3.3980535907616143],[36.208564236204516,-3.397958898072105],[36.20839097118177,-3.397579558041142],[36.20811013804113,-3.397096356163107],[36.20811503123376,-3.397077971323217],[36.20813344843559,-3.397082855917763],[36.20841461290826,-3.397566627892757],[36.20841521815303,-3.397567797677513],[36.20858985693112,-3.397950145361663],[36.20859106083412,-3.397955197717013],[36.208595702982905,-3.398073164813046],[36.2093746195105,-3.39968650317131],[36.20937584101806,-3.39969059181418],[36.20949209057011,-3.400574342654046],[36.20970396138664,-3.4011900378896844],[36.21002252579491,-3.401594675428642],[36.21002451818611,-3.401598185127463],[36.210339343194235,-3.402420524516192],[36.210340041276616,-3.402423076823564],[36.21043688937031,-3.402993023754912],[36.2105669119706,-3.40338251680743],[36.21115668424091,-3.404521622353438],[36.21256856672644,-3.405911563934367],[36.21277834929905,-3.406016266803547],[36.21315896262647,-3.406083421081444],[36.213167076511596,-3.406088186187593],[36.213374896714434,-3.406343590109905],[36.213945257432044,-3.40680715097868],[36.21394719902375,-3.406826074451668],[36.21392824204933,-3.406828012612108],[36.213356804959105,-3.406363576930968],[36.21335485346947,-3.406361626619842],[36.213149325299106,-3.406109039532162],[36.2127717299494,-3.406042417739024],[36.212768049307826,-3.406041203066444],[36.212554601912366,-3.405934671080075],[36.212551166201195,-3.405932217221844],[36.21113623569297,-3.404539275012741],[36.21113372687404,-3.404535873768817],[36.21054248946884,-3.403393938428361],[36.21054167631455,-3.403392015017198],[36.2104109942357,-3.403000546447629],[36.21041049289507,-3.402998543480213],[36.210317467840426,-3.402451094974965],[36.20998410702334,-3.402738268664993],[36.20987880204577,-3.402962956597323],[36.20987568281601,-3.402967189724455],[36.209542181636,-3.403271167633588],[36.20923818239724,-3.403709254775469],[36.20881720574966,-3.40450206769724],[36.20881575505753,-3.404504253928872],[36.20826927738754,-3.405175173802568],[36.208061722436824,-3.405661942913502],[36.20804404685007,-3.405669051453112],[36.20803692573428,-3.405651407082074],[36.208234973393665,-3.4051869349801365],[36.208045362376865,-3.405228783584416]]]}},{"type":"Feature","properties":{"date":"2026-07-07","processing_id":"25dc8f76-31fc-4bff-9f89-22ed84947b08"},"geometry":{"type":"Polygon","coordinates":[[[36.197610199249056,-3.405520723749254],[36.19759733611642,-3.405534758667826],[36.19758327636976,-3.405521918250179],[36.19756862413668,-3.405192836562305],[36.19758148726931,-3.405178801638749],[36.19759554701597,-3.405191642060971],[36.197610199249056,-3.405520723749254]]]}},{"type":"Feature","properties":{"date":"2026-07-07","processing_id":"25dc8f76-31fc-4bff-9f89-22ed84947b08"},"geometry":{"type":"Polygon","coordinates":[[[36.18276520041288,-3.405822097272942],[36.18277690061975,-3.405837112043692],[36.18276185928281,-3.405848791585357],[36.18214171341775,-3.405771446444663],[36.18213001321089,-3.405756431672889],[36.18214505454782,-3.405744752130103],[36.18276520041288,-3.405822097272942]]]}},{"type":"Feature","properties":{"date":"2026-07-07","processing_id":"25dc8f76-31fc-4bff-9f89-22ed84947b08"},"geometry":{"type":"Polygon","coordinates":[[[36.20032165488559,-3.406099570008831],[36.200316959451825,-3.406103765858211],[36.20012766844066,-3.406205554982213],[36.20012424661596,-3.406206833391039],[36.199373418672046,-3.406376117095226],[36.19935730637775,-3.406365960071907],[36.199367481377976,-3.406349876244152],[36.200116510788106,-3.406180998037701],[36.20030132532299,-3.40608161608634],[36.2003866044605,-3.405958409393],[36.200405350067555,-3.40595498924093],[36.20040877627149,-3.405973701736665],[36.20032165488559,-3.406099570008831]]]}},{"type":"Feature","properties":{"date":"2026-07-07","processing_id":"25dc8f76-31fc-4bff-9f89-22ed84947b08"},"geometry":{"type":"Polygon","coordinates":[[[36.19785504411045,-3.406161787898769],[36.19785728013912,-3.406170308896398],[36.197842627906034,-3.406358928888143],[36.19782815175029,-3.406371299635096],[36.19781575910843,-3.406356849055327],[36.19783005033794,-3.406172876306855],[36.19778383122839,-3.406103935513285],[36.197470830193964,-3.406434850643051],[36.197388582274236,-3.406526653713828],[36.19738188220057,-3.40653071712301],[36.19717358288701,-3.406583983116149],[36.197173538271535,-3.4065839429178246],[36.197173501768766,-3.406584003591893],[36.19709588453406,-3.406603339877069],[36.19708611512377,-3.40660206802756],[36.19671010379209,-3.406395090834462],[36.196457390530675,-3.406342714962068],[36.19612277326642,-3.406390253255719],[36.19544112044133,-3.406713712291193],[36.195435807852164,-3.406715006731012],[36.19530037369773,-3.40671974959341],[36.195292066722985,-3.40671725060866],[36.195190293104,-3.406644648330186],[36.19518716461668,-3.406625883960799],[36.19520596220228,-3.40662276100163],[36.19530400796209,-3.40669270393772],[36.19543207234537,-3.406688219162314],[36.196113057284784,-3.406365077044557],[36.19611694371929,-3.406363908522065],[36.1964559251117,-3.406315750225583],[36.196460562912144,-3.406315896900796],[36.19671757100054,-3.406369162895369],[36.19672133844669,-3.406370554157589],[36.19709449396274,-3.406575959359046],[36.19715824389809,-3.40656007774501],[36.19719096907938,-3.406341670650328],[36.19719449209666,-3.406334432242539],[36.197276861406976,-3.406247236539423],[36.197296062964035,-3.406246825433247],[36.19746050206259,-3.4064065844871982],[36.1977716411523,-3.4060776378611584],[36.19775869082848,-3.4059414259667884],[36.19769281508748,-3.405910750885824],[36.19768563289215,-3.405902517772666],[36.1976468242748,-3.405776649500027],[36.1976557390208,-3.405759836919589],[36.197672581347284,-3.405768735920865],[36.197709629948825,-3.405888895922716],[36.197754912082715,-3.405909981577856],[36.19768989737618,-3.405401899898574],[36.197690099300566,-3.405397324545691],[36.19773880807541,-3.405174774844665],[36.19773986813913,-3.405171735351646],[36.1978558979849,-3.404934957062424],[36.197866989805796,-3.404927454671267],[36.198061032892554,-3.404912861248096],[36.19807548186047,-3.404925263646143],[36.198063057530156,-3.404939687107558],[36.19787671356925,-3.404953701501203],[36.19776478990573,-3.40518210043592],[36.19771692459339,-3.405400796367581],[36.1977847427153,-3.40593078638341],[36.19778479103808,-3.405931219816869],[36.19779872546699,-3.4060777825584796],[36.19785504411045,-3.406161787898769]],[[36.19718656988201,-3.406552891587809],[36.19737122559978,-3.406505671698723],[36.19744225212207,-3.406426393669884],[36.19728707676194,-3.406275634705354],[36.197216997170095,-3.40634982057778],[36.19718656988201,-3.406552891587809]]]}},{"type":"Feature","properties":{"date":"2026-07-07","processing_id":"25dc8f76-31fc-4bff-9f89-22ed84947b08"},"geometry":{"type":"Polygon","coordinates":[[[36.18915729715113,-3.413664681723581],[36.189152567756764,-3.41366277392937],[36.1891597075538,-3.413645137229375],[36.189444027329024,-3.413524688272511],[36.189548750543146,-3.413443989247047],[36.189814861423024,-3.413202467531988],[36.18981782762895,-3.413200425391563],[36.190428469342834,-3.412891044820641],[36.19044658354173,-3.412896951458744],[36.19044066640933,-3.412915033531087],[36.189831645802,-3.413223592763597],[36.18956647866178,-3.413464257937198],[36.18956564790739,-3.413464953099181],[36.189459122212824,-3.413547041102507],[36.18945696664463,-3.413546764190944],[36.189456152354026,-3.413548775648792],[36.18918238284229,-3.413664755099161],[36.18915729715113,-3.413664681723581]]]}},{"type":"Feature","properties":{"date":"2026-07-07","processing_id":"25dc8f76-31fc-4bff-9f89-22ed84947b08"},"geometry":{"type":"Polygon","coordinates":[[[36.19484255899793,-3.4065144238502914],[36.19469159465859,-3.406174723443654],[36.194691960131436,-3.4061737768409537],[36.19469105890061,-3.406173308006566],[36.194644888843015,-3.406026905416995],[36.19391556646229,-3.406422970587627],[36.1938972906131,-3.406417582902627],[36.19390268783404,-3.406399339343424],[36.19463686452426,-3.40600063798596],[36.19457454520868,-3.405786292409307],[36.194583730167615,-3.405769625395732],[36.19460042666985,-3.405778794132607],[36.194661190365636,-3.4059877891992816],[36.194959065367115,-3.405833357975122],[36.19496240541941,-3.405832152818831],[36.19545186920563,-3.405725620829648],[36.19546790515921,-3.405735897542102],[36.19545761026485,-3.405751905174231],[36.19496989675629,-3.405858056211903],[36.19466907674447,-3.4060140142522797],[36.19471342586653,-3.4061546427615093],[36.19512372968839,-3.406107747068733],[36.19513864975796,-3.406119580586052],[36.195126795299664,-3.406134474299024],[36.19472366622484,-3.406180549952505],[36.19486394968539,-3.406496216217445],[36.19497621907402,-3.406405794214574],[36.194995167235305,-3.406407816429322],[36.19499314144137,-3.406426731112606],[36.194867609838994,-3.406527834528281],[36.19478561339335,-3.406604829547722],[36.19477650332285,-3.406608482459576],[36.19426147783173,-3.406613151894615],[36.194008204827185,-3.407099600633777],[36.194005950706334,-3.407102731693623],[36.19387526862749,-3.407238085690417],[36.19386502501574,-3.40724219153499],[36.19350435547917,-3.407227713092341],[36.192387508774885,-3.40767175367881],[36.19237000451629,-3.407664234561275],[36.19237753695206,-3.407646761252056],[36.19349704676083,-3.407201661845558],[36.193502574111726,-3.407200718017185],[36.193860062706534,-3.407215068766939],[36.19398519217809,-3.407085465881874],[36.194241300329345,-3.406593571810215],[36.19425313424376,-3.406586324592932],[36.194770987800965,-3.40658162951734],[36.19484255899793,-3.4065144238502914]]]}},{"type":"Feature","properties":{"date":"2026-07-07","processing_id":"25dc8f76-31fc-4bff-9f89-22ed84947b08"},"geometry":{"type":"Polygon","coordinates":[[[36.19328480196699,-3.406728335959075],[36.1932668811132,-3.406721868237649],[36.193273360284245,-3.406703979052303],[36.19373866768619,-3.406486172211658],[36.19375658853996,-3.406492639934668],[36.193750109368935,-3.406510529123942],[36.19328480196699,-3.406728335959075]]]}},{"type":"Feature","properties":{"date":"2026-07-07","processing_id":"25dc8f76-31fc-4bff-9f89-22ed84947b08"},"geometry":{"type":"Polygon","coordinates":[[[36.2050100819217,-3.407184651290493],[36.205011452096315,-3.407203624515434],[36.204992445274414,-3.407204992268077],[36.20466772010879,-3.406924433714366],[36.20466634993417,-3.406905460483921],[36.20468535675608,-3.406904092730852],[36.2050100819217,-3.407184651290493]]]}},{"type":"Feature","properties":{"date":"2026-07-07","processing_id":"25dc8f76-31fc-4bff-9f89-22ed84947b08"},"geometry":{"type":"Polygon","coordinates":[[[36.214675847200375,-3.408175565568628],[36.21489829691459,-3.408542492067236],[36.214893745394704,-3.408560963934726],[36.21487524079192,-3.408556420466665],[36.21465228924529,-3.408188666210371],[36.21465140942805,-3.408186947509822],[36.21430252787816,-3.407364608129675],[36.21430968096102,-3.40734697667936],[36.21432734363531,-3.407354117117076],[36.214675847200375,-3.408175565568628]]]}},{"type":"Feature","properties":{"date":"2026-07-07","processing_id":"25dc8f76-31fc-4bff-9f89-22ed84947b08"},"geometry":{"type":"Polygon","coordinates":[[[36.18890334370887,-3.407785594862987],[36.188842474804694,-3.40789316538564],[36.1888241152867,-3.407898261722991],[36.188819009921254,-3.407879934671003],[36.18888197492287,-3.407768659820059],[36.18888791983695,-3.407763128175913],[36.18907779212001,-3.407672981785035],[36.189148561299575,-3.407551088475796],[36.18915371144221,-3.407546055215998],[36.18939091921563,-3.40741544407878],[36.18939380699844,-3.407414265726014],[36.19027943611263,-3.407167668818752],[36.19063176492568,-3.406979744781175],[36.19063349684617,-3.406978972146169],[36.19144293372241,-3.406684184998207],[36.191460210581454,-3.406692211113441],[36.19145217025815,-3.406709457442293],[36.190643626651415,-3.407003919264597],[36.190290831676904,-3.407192091937153],[36.19028810186772,-3.407193184673729],[36.18940256043586,-3.407439757159957],[36.18917000257515,-3.407567807963229],[36.18910974505193,-3.407671595924483],[36.18921189691946,-3.40767958649972],[36.18986374777266,-3.407491644506393],[36.18988043241774,-3.407500834709999],[36.18987122593763,-3.407517489857402],[36.1892170235308,-3.407706109846821],[36.189212231781234,-3.40770659696972],[36.18908989086641,-3.407697027156836],[36.18890334370887,-3.407785594862987]]]}},{"type":"Feature","properties":{"date":"2026-07-07","processing_id":"25dc8f76-31fc-4bff-9f89-22ed84947b08"},"geometry":{"type":"Polygon","coordinates":[[[36.21622303053719,-3.408518206187938],[36.21620714152198,-3.408528707836694],[36.21619662126282,-3.408512846929187],[36.21623503387387,-3.408324226936714],[36.21625092288909,-3.408313725285725],[36.21626144314825,-3.408329586196515],[36.21622303053719,-3.408518206187938]]]}},{"type":"Feature","properties":{"date":"2026-07-07","processing_id":"25dc8f76-31fc-4bff-9f89-22ed84947b08"},"geometry":{"type":"Polygon","coordinates":[[[36.19030762421085,-3.40848977684286],[36.19029094004147,-3.408480585788191],[36.19030014738361,-3.408463931132312],[36.19080386739661,-3.408318726571771],[36.19082055156599,-3.408327917627986],[36.19081134422385,-3.408344572286221],[36.19030762421085,-3.40848977684286]]]}},{"type":"Feature","properties":{"date":"2026-07-07","processing_id":"25dc8f76-31fc-4bff-9f89-22ed84947b08"},"geometry":{"type":"Polygon","coordinates":[[[36.20662702786801,-3.408772423021381],[36.20688477623258,-3.408744042743693],[36.206899647080824,-3.408755937806919],[36.20688773093507,-3.408770782344851],[36.20662597077108,-3.408799604354823],[36.2066183645111,-3.408798213523236],[36.20619186572651,-3.408580771523621],[36.20618599443497,-3.408562674486029],[36.20620412354397,-3.408556813581059],[36.20662702786801,-3.408772423021381]]]}},{"type":"Feature","properties":{"date":"2026-07-07","processing_id":"25dc8f76-31fc-4bff-9f89-22ed84947b08"},"geometry":{"type":"Polygon","coordinates":[[[36.19646650154728,-3.409213093581456],[36.19645197376204,-3.409225403833639],[36.19643964168544,-3.409210901758605],[36.19648320237839,-3.408678971490575],[36.196497730163635,-3.408666661231398],[36.196510062240236,-3.408681163314638],[36.19646650154728,-3.409213093581456]]]}},{"type":"Feature","properties":{"date":"2026-07-07","processing_id":"25dc8f76-31fc-4bff-9f89-22ed84947b08"},"geometry":{"type":"Polygon","coordinates":[[[36.20773632874769,-3.409041057593669],[36.20774087832406,-3.409059529928673],[36.20772237324335,-3.409064071454272],[36.20748991754554,-3.408923609759817],[36.20748536796917,-3.408905137422202],[36.20750387304988,-3.408900595895852],[36.20773632874769,-3.409041057593669]]]}},{"type":"Feature","properties":{"date":"2026-07-07","processing_id":"25dc8f76-31fc-4bff-9f89-22ed84947b08"},"geometry":{"type":"Polygon","coordinates":[[[36.215932491663644,-3.409269152332222],[36.21600938224204,-3.409551782746326],[36.21599990995466,-3.409568288665307],[36.215983374767056,-3.409558833144692],[36.21590575753235,-3.409273531726576],[36.215905419683544,-3.409268120319243],[36.21595412845839,-3.408924810043099],[36.21596935959589,-3.408913378271417],[36.215980811630985,-3.408928582458663],[36.215932491663644,-3.409269152332222]]]}},{"type":"Feature","properties":{"date":"2026-07-07","processing_id":"25dc8f76-31fc-4bff-9f89-22ed84947b08"},"geometry":{"type":"Polygon","coordinates":[[[36.2163281905426,-3.409607258151314],[36.21632278647127,-3.409625499628819],[36.21630451264653,-3.409620105123482],[36.21618333471889,-3.409397555424603],[36.21618873879023,-3.409379313942775],[36.21620701261496,-3.409384708449462],[36.2163281905426,-3.409607258151314]]]}},{"type":"Feature","properties":{"date":"2026-07-07","processing_id":"25dc8f76-31fc-4bff-9f89-22ed84947b08"},"geometry":{"type":"Polygon","coordinates":[[[36.18829469305945,-3.409742982187664],[36.188279263408475,-3.409731818848896],[36.188290446544364,-3.409716416512293],[36.18874624979513,-3.409643814231981],[36.1887616794461,-3.40965497757177],[36.18875049631021,-3.409670379909357],[36.18829469305945,-3.409742982187664]]]}},{"type":"Feature","properties":{"date":"2026-07-07","processing_id":"25dc8f76-31fc-4bff-9f89-22ed84947b08"},"geometry":{"type":"Polygon","coordinates":[[[36.190418078149314,-3.410146088874689],[36.19040043032482,-3.410153265785751],[36.19039324068311,-3.410135649210051],[36.1904851141446,-3.409917842370965],[36.19050276196909,-3.409910665458145],[36.19050995161081,-3.409928282037967],[36.190418078149314,-3.410146088874689]]]}},{"type":"Feature","properties":{"date":"2026-07-07","processing_id":"25dc8f76-31fc-4bff-9f89-22ed84947b08"},"geometry":{"type":"Polygon","coordinates":[[[36.21859643083992,-3.410376618665522],[36.217918599982475,-3.410540666901532],[36.217902329688684,-3.410530764078481],[36.21791225008169,-3.410514522600696],[36.21859060887279,-3.410350346590012],[36.21859167333034,-3.410350133886781],[36.22015193815049,-3.410103140199517],[36.220167357067304,-3.410114318303017],[36.220156159136174,-3.410129709918098],[36.21859643083992,-3.410376618665522]]]}},{"type":"Feature","properties":{"date":"2026-07-07","processing_id":"25dc8f76-31fc-4bff-9f89-22ed84947b08"},"geometry":{"type":"Polygon","coordinates":[[[36.216489799484464,-3.410446106119001],[36.216475737704194,-3.410458944251714],[36.2164628767947,-3.410444907374957],[36.216472380945895,-3.410232208234961],[36.216486442726165,-3.410219370099219],[36.21649930363566,-3.41023340697927],[36.216489799484464,-3.410446106119001]]]}},{"type":"Feature","properties":{"date":"2026-07-07","processing_id":"25dc8f76-31fc-4bff-9f89-22ed84947b08"},"geometry":{"type":"Polygon","coordinates":[[[36.2016419526742,-3.41080014561438],[36.2016419526742,-3.411242632047763],[36.20172395820088,-3.411724267444157],[36.201936682777934,-3.412361750326843],[36.2019281570782,-3.412378762677709],[36.201911114510864,-3.41237025209407],[36.201698063121704,-3.411731789841749],[36.201697563033456,-3.41172979278015],[36.20161519372315,-3.41124602080966],[36.20161500321568,-3.411243766983696],[36.20161500321568,-3.410798667582962],[36.20161532473329,-3.410795746787127],[36.20173175058536,-3.410273302243051],[36.20174782977582,-3.410263093120772],[36.201758057008654,-3.410279143837888],[36.2016419526742,-3.41080014561438]]]}},{"type":"Feature","properties":{"date":"2026-07-07","processing_id":"25dc8f76-31fc-4bff-9f89-22ed84947b08"},"geometry":{"type":"Polygon","coordinates":[[[36.21095141515068,-3.410795479286115],[36.21095959869123,-3.410812658285173],[36.210942389207766,-3.410820827329514],[36.21035629988446,-3.410612871054873],[36.2103481163439,-3.410595692052246],[36.210365325827375,-3.410587523005991],[36.21095141515068,-3.410795479286115]]]}},{"type":"Feature","properties":{"date":"2026-07-07","processing_id":"25dc8f76-31fc-4bff-9f89-22ed84947b08"},"geometry":{"type":"Polygon","coordinates":[[[36.214884259794836,-3.413580896458281],[36.214882427604884,-3.413583725699256],[36.214751745526044,-3.413738780816959],[36.21474314990648,-3.4137395202749596],[36.21473267994279,-3.4137394896503435],[36.21473112355662,-3.413721462029008],[36.21486071066306,-3.413567706100365],[36.215213886560996,-3.412834711201372],[36.21511863873068,-3.412765485715947],[36.214884596908774,-3.412727329298497],[36.214873470320036,-3.412711886255555],[36.21488894079775,-3.412700779398147],[36.21512614857117,-3.412739451969566],[36.21513190786386,-3.412741852945604],[36.21522782296477,-3.4128115634004703],[36.215567995839656,-3.412334886992665],[36.21577098366173,-3.411872091561061],[36.21577339797775,-3.411868393156281],[36.21630035475986,-3.411295032304132],[36.21609507771663,-3.411247012490187],[36.21608503281139,-3.411230847463582],[36.21610122653042,-3.411220820356021],[36.21632359709239,-3.4112728388045293],[36.217220214979925,-3.410733878618524],[36.21722276486716,-3.410732688464815],[36.21775578934633,-3.410548811332909],[36.217772926245736,-3.41055713103838],[36.21776459177899,-3.410574237586191],[36.21723290485166,-3.410757653298842],[36.21633447135573,-3.411297704840614],[36.215794771565946,-3.411884930844832],[36.21559212333111,-3.412346952039663],[36.215590754654094,-3.412349361460493],[36.2152425418869,-3.4128373039764144],[36.214884259794836,-3.413580896458281]]]}},{"type":"Feature","properties":{"date":"2026-07-07","processing_id":"25dc8f76-31fc-4bff-9f89-22ed84947b08"},"geometry":{"type":"Polygon","coordinates":[[[36.18703744362752,-3.413643152570801],[36.18703055552992,-3.413646669583612],[36.186967243262956,-3.4136582758217724],[36.18694905208335,-3.4136582226126206],[36.18693725134978,-3.413650098107198],[36.186948070610384,-3.41363443899544],[36.187021715826724,-3.413620938547827],[36.18759063284402,-3.413076838889232],[36.18760968462283,-3.413077246064516],[36.18760927672404,-3.413096264050349],[36.18703744362752,-3.413643152570801]]]}},{"type":"Feature","properties":{"date":"2026-07-07","processing_id":"25dc8f76-31fc-4bff-9f89-22ed84947b08"},"geometry":{"type":"Polygon","coordinates":[[[36.20395208631056,-3.410816592216503],[36.203953944444486,-3.410818050642623],[36.20459864270012,-3.411422583195515],[36.2045991978569,-3.411423134954268],[36.20582422288467,-3.412713588455708],[36.20660250279456,-3.413239524008951],[36.20748372803854,-3.413698861979584],[36.20748943534092,-3.413717011120094],[36.207485350125296,-3.413718291229869],[36.207462652572296,-3.4137182248395868],[36.20658934791046,-3.413263015477429],[36.20658803114118,-3.413262230841919],[36.2058078987311,-3.412735043443077],[36.20580567173953,-3.412733156917771],[36.204579905777315,-3.411441922934421],[36.203936357883784,-3.410838469086763],[36.203634095041444,-3.4106414345238596],[36.203454156354724,-3.411454624397447],[36.203438092491474,-3.411464857522007],[36.203427841201076,-3.41144882212474],[36.20361009200155,-3.4106251832008505],[36.203361725324385,-3.410442905201802],[36.202962754573015,-3.410299279244601],[36.201447672748856,-3.410139652188985],[36.201447499937586,-3.410139632855519],[36.19928134547914,-3.4098831534503],[36.19928029045019,-3.409882985962895],[36.196809411406434,-3.409389768248538],[36.19523001605783,-3.409123915860602],[36.19437888918194,-3.409041605635013],[36.19401431432379,-3.40906074707979],[36.19374911932888,-3.409188435895032],[36.19349033674404,-3.409619094366368],[36.1934084547214,-3.409902707972829],[36.193391775455005,-3.409911907877076],[36.193382559233974,-3.409895258140296],[36.193464928544266,-3.409609956720029],[36.193466320968234,-3.409606762607123],[36.19372808113223,-3.409171148928205],[36.19373378240873,-3.409165952780009],[36.194005046723895,-3.409035341642738],[36.19401019302126,-3.409034024507567],[36.194378478879834,-3.409014688221855],[36.194380485957936,-3.409014732335894],[36.195233087520826,-3.409097185176853],[36.19523402871893,-3.409097309743513],[36.19681409385406,-3.40936327488089],[36.19681449550635,-3.409363348754855],[36.19928505062909,-3.409856501824175],[36.201424716541254,-3.4101098449104046],[36.20124362005978,-3.409779573035376],[36.20124269104161,-3.409777469641404],[36.200987323342524,-3.4090325178391905],[36.20034266149512,-3.40866254159788],[36.200340816719226,-3.408661267900254],[36.19995787862758,-3.408346779638546],[36.19995572311062,-3.408344546514722],[36.199645650178084,-3.407938484523891],[36.199648197901226,-3.407919632852809],[36.19966708296845,-3.407922176070606],[36.199976207946406,-3.408326996656351],[36.20034759187671,-3.4086319960589173],[36.200556824283076,-3.408381053471915],[36.200561384430586,-3.408377515617402],[36.200876605444996,-3.408227568194452],[36.20089456626136,-3.408233924485277],[36.200888198708235,-3.408251853534085],[36.200575646565085,-3.408400531398527],[36.200369984696074,-3.408647191661948],[36.20099625651038,-3.4090066137347366],[36.20138140323861,-3.40862671921289],[36.20138310143519,-3.408625299654063],[36.202071253882245,-3.408140209705134],[36.202109079425554,-3.40783866616034],[36.20206606601535,-3.407580725803462],[36.2015114197497,-3.406142146550571],[36.20082272008389,-3.406337263958305],[36.20082122186412,-3.406337597691165],[36.199877605267666,-3.406492082601927],[36.19933844164177,-3.406688959576272],[36.199124030113374,-3.406865793406354],[36.19926634811552,-3.407372750560493],[36.19958490479186,-3.407811157791045],[36.19958190890896,-3.407829943688418],[36.19956308973408,-3.407826953103084],[36.199243116644055,-3.407386596568426],[36.19924104928089,-3.407382328482261],[36.19909871563173,-3.406875315595596],[36.19869795161356,-3.406908332276299],[36.19869555181822,-3.406908315927341],[36.197892579530645,-3.406831135390938],[36.196465091802075,-3.407058157746918],[36.196463794415926,-3.407058300180774],[36.195592064319804,-3.407111525157109],[36.194639847978515,-3.407265801506904],[36.19416201448132,-3.407492274058741],[36.194159217880106,-3.407493240409533],[36.193645597709605,-3.407609622956175],[36.193629474466164,-3.40759948327403],[36.193639632107555,-3.407583388537114],[36.194151800500904,-3.407467334949335],[36.19463001930556,-3.407240679772414],[36.194633639940314,-3.40723955346841],[36.19558841112848,-3.407084863182744],[36.1955897472539,-3.407084714530198],[36.19646149697936,-3.407031488353877],[36.197890038480615,-3.406804298403482],[36.19789345000013,-3.406804192804053],[36.19869693563525,-3.40688142268484],[36.19910336727221,-3.4068479390801496],[36.199323058902365,-3.406666750533261],[36.19932701235048,-3.406664487811462],[36.199869540980835,-3.406466382091986],[36.19987198924259,-3.406465740792116],[36.200816101626195,-3.406311174708944],[36.201500936632904,-3.4061171522032203],[36.2012095762569,-3.405464800675123],[36.20068199790009,-3.404696737702244],[36.2006797394287,-3.404690791746539],[36.20062667458455,-3.404265028631992],[36.2006269635835,-3.404260146728318],[36.20070399538556,-3.403948392592931],[36.200679804883066,-3.403743142013059],[36.20064776460422,-3.403595897777684],[36.20059076391627,-3.403571777971129],[36.20046845209265,-3.403612412622852],[36.2002962436907,-3.403812797998024],[36.20029004481743,-3.403816875793882],[36.19998095550719,-3.4039135342731455],[36.20008021034562,-3.40410729660368],[36.200074347863634,-3.4041253965707],[36.20005621590394,-3.40411954443272],[36.19995294051688,-3.4039179333098177],[36.19976598207989,-3.403894733308871],[36.19976431523477,-3.4038925969952283],[36.19976292154079,-3.403893982791703],[36.199128123442634,-3.403656839671473],[36.19912501811011,-3.403655190240493],[36.198955527413915,-3.40353442966674],[36.198950692135384,-3.403528078299898],[36.198913782701,-3.4034267596840886],[36.19769364788055,-3.402853819943802],[36.19598382224815,-3.402331656849699],[36.19598101339948,-3.402330435455236],[36.19542858461163,-3.402011204331524],[36.19542590976353,-3.402009175623725],[36.19199578316797,-3.3986575314865903],[36.1915309953611,-3.39828545032578],[36.19152947437854,-3.398284026244641],[36.190715285426705,-3.397393827451538],[36.190714350716135,-3.397392685601984],[36.19019122639446,-3.396676878210952],[36.19018883708075,-3.396671257432471],[36.190169854699654,-3.396562402144598],[36.18998221094536,-3.396245285623289],[36.18998085112383,-3.396242120785851],[36.18985967319618,-3.395816357672181],[36.18985933669085,-3.395814851414643],[36.1895493269839,-3.3939216054927255],[36.1894590098905,-3.393783523267171],[36.18945682413885,-3.393776581652454],[36.18945207206327,-3.39362189136899],[36.18945555173396,-3.393612450945133],[36.18949944420372,-3.3935640584369615],[36.189447992875266,-3.393270871658382],[36.18937946150867,-3.39321566984233],[36.189374467994554,-3.393205925022787],[36.189364597135,-3.393022955804371],[36.18933576179856,-3.392810430770838],[36.18934009932576,-3.392798628324706],[36.18938369460341,-3.392759452182587],[36.189355579217676,-3.3921008938587094],[36.1892660687121,-3.392096401607849],[36.189260225290575,-3.392089950849528],[36.18925336842163,-3.39208458556598],[36.189219311879874,-3.391804027009749],[36.18922247732608,-3.391793632539226],[36.18927711696267,-3.3917302809835603],[36.189272791713826,-3.391659882906499],[36.18903622777716,-3.390845864496113],[36.18884492966012,-3.3905733944828516],[36.188099894505186,-3.389964927607177],[36.1880983104906,-3.389963402100729],[36.187309092344464,-3.3890679860108937],[36.18704056970197,-3.389254493612064],[36.187035344205846,-3.389256675338768],[36.18597056066913,-3.389454910299984],[36.18508915062571,-3.389801111386946],[36.18471371152194,-3.39046424328003],[36.18470969545839,-3.390468653283401],[36.18429309683128,-3.39075906239729],[36.18428864475059,-3.390761084958063],[36.18406259400065,-3.390817399535445],[36.18404095196995,-3.390873619646751],[36.18403970110597,-3.390876080123191],[36.18389911886963,-3.391093886959458],[36.183895876952114,-3.391097362121927],[36.1835480645983,-3.391357783838374],[36.183263038874145,-3.391676020341181],[36.183244012460406,-3.391677082543815],[36.18324294839399,-3.391658089455933],[36.183528864942254,-3.391338858325409],[36.18353082496243,-3.391337063151686],[36.18387777340296,-3.391077288277917],[36.18401629433028,-3.390862675065113],[36.18403995235143,-3.390801217957898],[36.184049267659184,-3.390792992072422],[36.18427970634393,-3.390735584355428],[36.18469175605807,-3.390448346262736],[36.18506803985593,-3.389783722388986],[36.18507483697799,-3.38977782363227],[36.185961891088944,-3.389429405654236],[36.18596435436202,-3.389428699572361],[36.18702755564967,-3.389230759179375],[36.187285358970875,-3.389051696886144],[36.18571820202683,-3.388229807232376],[36.18571499780692,-3.388227467288715],[36.18528374694673,-3.387802069013202],[36.1852817036222,-3.387799487823126],[36.18498198985647,-3.387307269482549],[36.18438341946519,-3.386714373250091],[36.18341593052675,-3.386091749354305],[36.18272887170294,-3.38576815409701],[36.18272767781452,-3.385767516714696],[36.181871926318856,-3.3852538667459546],[36.181871999832,-3.3852285151589374],[36.18187906324107,-3.38522675944431],[36.18274098407608,-3.38574411246423],[36.18342823401531,-3.386067797742283],[36.18342978542946,-3.386068657390478],[36.184399208850714,-3.386692526229935],[36.18440139870509,-3.386694283402322],[36.18500214026148,-3.387289330229991],[36.18500416377497,-3.387291891838747],[36.18530387019105,-3.387784098116846],[36.18573251254377,-3.388206923293841],[36.18731205127597,-3.389035306550025],[36.187696757867364,-3.388882896481291],[36.187702508533775,-3.388881970436574],[36.188285136914594,-3.38891569978562],[36.18893145916796,-3.388607446267759],[36.18893474007817,-3.388606371017509],[36.1891624437004,-3.388562955583563],[36.189178207149126,-3.388573644352989],[36.18916749965916,-3.388589380241341],[36.18894150607551,-3.388632469627188],[36.18829362661591,-3.388941465822647],[36.188287037595565,-3.388942757351437],[36.187703926288364,-3.388909000045905],[36.18733402312527,-3.3890555454035454],[36.18811781386108,-3.389944803783145],[36.18885323371024,-3.3905454178943395],[36.18889884236274,-3.3904922514105302],[36.18887564135672,-3.39034367908482],[36.18887565441876,-3.390339453446665],[36.18897703203143,-3.389715584613104],[36.18899249048813,-3.389704460824885],[36.18900363377194,-3.389719892236398],[36.18890259932034,-3.39034164928504],[36.188926425605565,-3.390494225712885],[36.18892288302432,-3.3904990682526748],[36.18892334648735,-3.390505046725075],[36.188871932021534,-3.3905649811051672],[36.18905958029783,-3.390832252575942],[36.189061486991584,-3.390836224945727],[36.18929335134303,-3.3916340720520073],[36.18948107179402,-3.391477950974717],[36.189500049469096,-3.391479675521435],[36.18949832189677,-3.391498619959511],[36.189300016748234,-3.3916635439866867],[36.18930396155888,-3.3917277500231564],[36.18935226926258,-3.391762694905279],[36.18935779782497,-3.39177255851089],[36.189381954209246,-3.392087046776327],[36.18938174721373,-3.392087287728754],[36.189381981426884,-3.392087502417955],[36.18941081793461,-3.392762951879569],[36.18948319646365,-3.393003222430446],[36.18948357998419,-3.393004975616063],[36.18948360125822,-3.39300499104374],[36.18948358749599,-3.3930050099547207],[36.18948363937078,-3.393005247089695],[36.189512547830645,-3.393213203367492],[36.189509731236676,-3.393223444782259],[36.1894747133571,-3.3932672282837832],[36.189526390120314,-3.393561699666778],[36.189596237599886,-3.393631295154283],[36.189600140230624,-3.393642005946337],[36.18957573810252,-3.3939161336276356],[36.18988580828171,-3.395809748866033],[36.19000629929524,-3.396233098485073],[36.19019174108047,-3.3965464936995597],[36.190274068169636,-3.396573729632794],[36.190279911920015,-3.396577574347298],[36.19081077980319,-3.397175300671188],[36.19102897015049,-3.397260277238969],[36.191868350261906,-3.397342366537139],[36.1930731361912,-3.397124892781784],[36.193076656645545,-3.397124724895483],[36.19423366874283,-3.397221297288607],[36.195496813970564,-3.397081344781831],[36.19551169291759,-3.39709322989283],[36.19549978688581,-3.39710808269498],[36.194235338771406,-3.397248179553597],[36.194232729555885,-3.397248214873902],[36.19307618244968,-3.397151681294907],[36.19187130038944,-3.39736917239665],[36.191867588867886,-3.397369322966937],[36.191024491456176,-3.397286870128283],[36.19102090770788,-3.397286014280593],[36.19083203693118,-3.397212456535557],[36.19095530620145,-3.39744150879571],[36.19094981295749,-3.3974597239426],[36.1909315657405,-3.397454240353243],[36.19079172777074,-3.3971944010393975],[36.19026215057981,-3.39659812797169],[36.19019984494688,-3.396577515655312],[36.19021484873002,-3.396663555500139],[36.190735686325105,-3.397376233902564],[36.19154867139361,-3.398265116438802],[36.1919958742273,-3.398623120135498],[36.192009885218695,-3.398553310761308],[36.19192136331362,-3.398409453517795],[36.19112319956872,-3.397675208030783],[36.19112242210444,-3.397656201220426],[36.19114146238298,-3.397655425122736],[36.19194099910173,-3.39839093364821],[36.19194334930241,-3.398393784766341],[36.192035618770205,-3.398543732188502],[36.19203734932997,-3.398553414926178],[36.19201938052068,-3.398642944017781],[36.19544355132621,-3.401988768695272],[36.19599318060911,-3.402306382081289],[36.19770245339465,-3.402828376355405],[36.19770424705268,-3.402829067298645],[36.198929440135764,-3.403404382266256],[36.1995051363935,-3.40358324036653],[36.199509758191056,-3.403585750172509],[36.19974221388888,-3.403779113028992],[36.19974622616674,-3.403784781437664],[36.1997774401154,-3.403869046178153],[36.19996044877167,-3.403891756044501],[36.200278303626554,-3.403792356399536],[36.20045042826644,-3.403592068487438],[36.200456400320014,-3.403588063827099],[36.200578131523244,-3.403547622069069],[36.20058301605852,-3.403373158192301],[36.200596861973395,-3.403360088259113],[36.20060995499821,-3.403373909754512],[36.200605063849004,-3.403548609864516],[36.200662696462,-3.403572997070405],[36.2008446598701,-3.403587417765404],[36.20084921551866,-3.403588602289289],[36.20107963367115,-3.403694200492874],[36.20136215854125,-3.403722680603241],[36.20216528345668,-3.403664755690188],[36.20216801933999,-3.403664836587174],[36.2027545046696,-3.403742181730018],[36.202766098484474,-3.403757278546762],[36.202750974989044,-3.403768851909343],[36.20216585346435,-3.403691686625973],[36.201362936748396,-3.403749596521142],[36.20136061186138,-3.403749563429022],[36.201077328524754,-3.4037210068617196],[36.2009004758389,-3.403773159530641],[36.2008837356585,-3.403764070483328],[36.20089284076791,-3.403747359833635],[36.20103777638424,-3.4037046192929443],[36.200840143963944,-3.403614046446201],[36.20067646909803,-3.403601075128068],[36.200706278732184,-3.403738068218313],[36.20070649349567,-3.403739351725025],[36.200731045886236,-3.40394767283833],[36.200730746093825,-3.403952465721776],[36.200653725408735,-3.404264174864526],[36.20070607798787,-3.404684223158069],[36.20123249663439,-3.405450597803684],[36.20123369043997,-3.405452727168462],[36.201527523731905,-3.4061106155262464],[36.201890615230084,-3.406040396321073],[36.202118435861756,-3.4059266919500195],[36.20216520141442,-3.405861539764039],[36.20217597116819,-3.405855924455242],[36.2025239593751,-3.405851193737243],[36.20272187062097,-3.405822136666354],[36.20272397723328,-3.4058237002921823],[36.20272612203299,-3.405822189283134],[36.2030651034254,-3.405880562975831],[36.203069598298654,-3.405882197170481],[36.203966204340965,-3.4064038824445615],[36.20418182297707,-3.406165365254676],[36.204200854092406,-3.406164390605339],[36.204201830466566,-3.406183388100906],[36.203988976950285,-3.4064188465126892],[36.20461152769882,-3.406864661196584],[36.20461462207822,-3.406883431196138],[36.20459581884782,-3.406886520106823],[36.20396153880586,-3.406432305971514],[36.20305812701997,-3.405906660826056],[36.20272366220125,-3.405849064903534],[36.20252699695556,-3.405877939037502],[36.20252521969609,-3.405878080957494],[36.20218314369903,-3.405882731301957],[36.202138399125126,-3.405945067927506],[36.20213466776551,-3.4059456830617947],[36.20213347176364,-3.405949264530891],[36.20190101606581,-3.406065282242077],[36.2018975530554,-3.406066456656566],[36.20153792851814,-3.406136005375298],[36.202091708619875,-3.407572338082892],[36.20209242494502,-3.407574960783863],[36.202135985637966,-3.407836183055707],[36.202136064123614,-3.407840062975098],[36.202099533987735,-3.408131279588949],[36.20248383062886,-3.408061933647691],[36.20249948741278,-3.408072777298541],[36.202488624550604,-3.408088406392717],[36.20208921957179,-3.408160478616308],[36.20139955463237,-3.40864663473454],[36.2010139192901,-3.4090270111995338],[36.20126781482837,-3.409767668460859],[36.201457518959685,-3.4101136384070942],[36.20296720556085,-3.410272697033425],[36.20297036243856,-3.410273420390583],[36.203372704838884,-3.410418260115525],[36.20337611531955,-3.410420076179873],[36.203632822224094,-3.4106084751330616],[36.20395208631056,-3.410816592216503]],[[36.199744796044584,-3.403858487589254],[36.19972219739658,-3.403797480594088],[36.199494566669266,-3.403608131280914],[36.19894650165214,-3.403437857697427],[36.19897458910985,-3.4035149594569],[36.199139230480824,-3.403632264933282],[36.199744796044584,-3.403858487589254]],[[36.1895521864772,-3.393876770254351],[36.189572738725616,-3.393645891197892],[36.1895143467549,-3.393587709891973],[36.18947917537381,-3.393626487188365],[36.18948364489576,-3.393771979743078],[36.1895521864772,-3.393876770254351]],[[36.18945883381377,-3.3930225271778807],[36.189392131657065,-3.3930330768515353],[36.18940105571155,-3.393198495807544],[36.18945831308557,-3.3932446164562657],[36.18948505835127,-3.39321117635613],[36.18945883381377,-3.3930225271778807]],[[36.18938952617484,-3.3930062511519363],[36.189452945705746,-3.392996220661082],[36.18939064464831,-3.392789403674403],[36.189363423359524,-3.392813865614294],[36.18938952617484,-3.3930062511519363]],[[36.18927875690002,-3.3920701021675104],[36.18935391382452,-3.392073874057368],[36.18933140419395,-3.391780824627677],[36.18929302847316,-3.391753064355422],[36.189246781179676,-3.391806685464757],[36.18927875690002,-3.3920701021675104]]]}},{"type":"Feature","properties":{"date":"2026-07-07","processing_id":"25dc8f76-31fc-4bff-9f89-22ed84947b08"},"geometry":{"type":"Polygon","coordinates":[[[36.21000558341431,-3.410705146243437],[36.21078162121575,-3.410959916575042],[36.2107902117361,-3.410976896426928],[36.21077320175028,-3.410985471728676],[36.2099930693402,-3.410729357158876],[36.20998642186835,-3.410724546009092],[36.20993843654902,-3.4106593797519302],[36.20962778004398,-3.410743786846757],[36.209611239428185,-3.41073434080287],[36.209620702233586,-3.410717829485327],[36.2099402793173,-3.410630998617468],[36.20994700999512,-3.4106348423851744],[36.20995467542709,-3.410636010868423],[36.21000558341431,-3.410705146243437]]]}},{"type":"Feature","properties":{"date":"2026-07-07","processing_id":"25dc8f76-31fc-4bff-9f89-22ed84947b08"},"geometry":{"type":"Polygon","coordinates":[[[36.19039757439376,-3.411170022136892],[36.19028641862558,-3.411170022136886],[36.190224978750756,-3.411642076271022],[36.19020988023467,-3.411653681992826],[36.190198253908115,-3.411638610235039],[36.19026118242059,-3.411155118615608],[36.19030986653911,-3.410599026],[36.19032446321419,-3.410586797238913],[36.19033671367271,-3.410601368061015],[36.19028928499688,-3.411143120425772],[36.19039835806577,-3.4111431204257774],[36.19049879366156,-3.410245543043703],[36.190499597425976,-3.410242236536603],[36.19063954743061,-3.409876499349219],[36.190661614586816,-3.409664198832148],[36.190591350807054,-3.409678923534867],[36.19032292309683,-3.409947161760966],[36.190303866954665,-3.409947171897624],[36.19030385680002,-3.409928149493852],[36.1905751211152,-3.409657076659415],[36.19058188579765,-3.409653418875859],[36.19067236069348,-3.409634458666418],[36.190806554576,-3.409565155587269],[36.19086680167862,-3.409393122884528],[36.19061749618173,-3.40937059835109],[36.19061219111266,-3.409364248656469],[36.19060542950872,-3.409359473172166],[36.19057268489793,-3.40916864813114],[36.19018964900198,-3.409026923945073],[36.18956256093281,-3.40901286817315],[36.18898639895311,-3.409544763644513],[36.18875505741779,-3.409890921936915],[36.18856187030668,-3.410320405332369],[36.18855944322037,-3.410324057788326],[36.188245303877856,-3.410661108830755],[36.18826887445083,-3.410719505299061],[36.18859654574922,-3.410804990108162],[36.18860626231528,-3.410821053940581],[36.188441523694685,-3.411527375610317],[36.18843882988929,-3.411532841831798],[36.188091247982825,-3.411957018903285],[36.187951433335996,-3.412303171642977],[36.187948041221404,-3.412308057283402],[36.18765737259755,-3.412574022414364],[36.18765252197904,-3.412576869723743],[36.187536096126976,-3.41261554229412],[36.187519056232816,-3.412607026380568],[36.18752758727403,-3.412590016702175],[36.18764128331383,-3.412552250878372],[36.187927580632,-3.412290285536957],[36.1880670212532,-3.411945058804495],[36.18806908848612,-3.411941572367975],[36.18841598659186,-3.411518229776887],[36.18857704042772,-3.41082770672897],[36.18825550210048,-3.410743821927386],[36.18824641089763,-3.410735835028763],[36.18821710643146,-3.410663232749853],[36.18821973947022,-3.410649043713059],[36.18853819691487,-3.410307359623334],[36.18873093255441,-3.409878879910087],[36.18873201570732,-3.409876924855559],[36.18896486741146,-3.409528506879343],[36.1889669277984,-3.409526096426573],[36.1895482650461,-3.408989423291152],[36.18955771640906,-3.408985851033933],[36.190192514507224,-3.409000079621547],[36.19019689518639,-3.409000914749329],[36.19058109397486,-3.409143069212166],[36.190864226539375,-3.408851347073219],[36.191013328143235,-3.408486368253131],[36.19101674053041,-3.40848149516138],[36.19117672707542,-3.408336290601272],[36.191195761711974,-3.408337194135078],[36.191194856577155,-3.408356195102732],[36.19103712936342,-3.408499349080054],[36.19089129550246,-3.408856328940879],[36.19096935258154,-3.408947527695435],[36.19104108056238,-3.408951657825358],[36.19108911004747,-3.408915837242672],[36.19107539273231,-3.408802440504657],[36.19108715489786,-3.408787474095841],[36.19110214783349,-3.408799215450764],[36.19111680006658,-3.408920340861667],[36.19111148748458,-3.408932728944646],[36.191053274558534,-3.408976144377509],[36.191044433623425,-3.408978797386177],[36.19096206431312,-3.408974054523772],[36.19095259556142,-3.408969363418034],[36.19087509297299,-3.4088788125099145],[36.190599090046945,-3.4091631887087157],[36.19063024303614,-3.409344738292787],[36.19088305885107,-3.4093675799810232],[36.190941376218014,-3.4093427587122163],[36.190973876724435,-3.409204188515085],[36.19097824500106,-3.4092014824512993],[36.19097902545437,-3.409196409957845],[36.19121387825965,-3.40902439826518],[36.191255980121014,-3.40893553868849],[36.19126008969683,-3.408930518946957],[36.19243266434975,-3.408054913558665],[36.19243404961561,-3.408054006121583],[36.192976974252275,-3.407744260715177],[36.19298057576427,-3.407742845181335],[36.193310053005476,-3.407665500038525],[36.1933262545721,-3.40767551454314],[36.193316222329265,-3.40769168746322],[36.1929886487442,-3.407768585718593],[36.19244814259416,-3.408076951340069],[36.19127891166421,-3.408950059826383],[36.19123678145923,-3.409038979223382],[36.191232571653195,-3.409044073090161],[36.19099898172088,-3.4092151598214184],[36.190970212036916,-3.4093378231640075],[36.19116345988348,-3.4093248985332116],[36.1912033549754,-3.409262749437098],[36.19121517133737,-3.409256563865799],[36.19134928537989,-3.4092612468056],[36.19169649060517,-3.409184273294835],[36.191701117593745,-3.40918406155313],[36.19215453443606,-3.40924181687685],[36.19232204708702,-3.409213331234042],[36.192337593304366,-3.409224332247216],[36.19232657278788,-3.409239850951783],[36.192157082091676,-3.409268672961762],[36.192153113644295,-3.40926875579632],[36.19170003839794,-3.409211043986023],[36.19135727628443,-3.4092870324809716],[36.19129193609486,-3.409352129330018],[36.19128184255119,-3.409356047442306],[36.19117130306888,-3.409351336047092],[36.190956122043055,-3.409365727592896],[36.190895979892666,-3.4093913255325954],[36.190830225839086,-3.409579083066657],[36.190823697646664,-3.409586590980342],[36.190689575816094,-3.4096558568473236],[36.190666170122846,-3.409881034967802],[36.19066535503193,-3.409884446430871],[36.190525385843664,-3.410250233748633],[36.19042392263121,-3.411156994778755],[36.190452778863644,-3.411750966560222],[36.1904498502706,-3.41176001038481],[36.190411041653256,-3.411808533515774],[36.19039210415217,-3.411810652889481],[36.19038998101537,-3.411791748953381],[36.19042561453811,-3.41174719570117],[36.19039757439376,-3.411170022136892]],[[36.19119512938442,-3.409325425295628],[36.19127708414321,-3.409328918357663],[36.19131904952908,-3.409287109259214],[36.19122190291913,-3.409283717133339],[36.19119512938442,-3.409325425295628]]]}},{"type":"Feature","properties":{"date":"2026-07-07","processing_id":"25dc8f76-31fc-4bff-9f89-22ed84947b08"},"geometry":{"type":"Polygon","coordinates":[[[36.209709203940896,-3.411329820116231],[36.20917858766569,-3.411541558278766],[36.20917494694926,-3.411542450467974],[36.20893734316954,-3.411566529615541],[36.20892257636819,-3.411554506118232],[36.208934621210865,-3.411539765485789],[36.20917034185764,-3.411515877177267],[36.20970160875332,-3.411303879384167],[36.20970661044909,-3.411302918409588],[36.21034616062283,-3.411302918409583],[36.21035963535209,-3.411316369262998],[36.21034616062283,-3.411329820116225],[36.209709203940896,-3.411329820116231]]]}},{"type":"Feature","properties":{"date":"2026-07-07","processing_id":"25dc8f76-31fc-4bff-9f89-22ed84947b08"},"geometry":{"type":"Polygon","coordinates":[[[36.19856972723773,-3.411790770177583],[36.19855578071832,-3.411803732971182],[36.19854279490862,-3.41178981117064],[36.198552299059806,-3.411523846036787],[36.198566245579215,-3.411510883239413],[36.19857923138891,-3.411524805043996],[36.19856972723773,-3.411790770177583]]]}},{"type":"Feature","properties":{"date":"2026-07-07","processing_id":"25dc8f76-31fc-4bff-9f89-22ed84947b08"},"geometry":{"type":"Polygon","coordinates":[[[36.1899969735797,-3.412016148400937],[36.18998059880643,-3.412025878094804],[36.18997085183472,-3.412009532347999],[36.19006312130251,-3.411646520950253],[36.19007949607578,-3.411636791252545],[36.190089243047495,-3.411653137005691],[36.1899969735797,-3.412016148400937]]]}},{"type":"Feature","properties":{"date":"2026-07-07","processing_id":"25dc8f76-31fc-4bff-9f89-22ed84947b08"},"geometry":{"type":"Polygon","coordinates":[[[36.20339603961218,-3.412145877462296],[36.20338035559138,-3.412156681774533],[36.203369532091536,-3.412141025557882],[36.2034130927845,-3.41190388243394],[36.2034287768053,-3.411893078118862],[36.20343960030514,-3.411908734339552],[36.20339603961218,-3.412145877462296]]]}},{"type":"Feature","properties":{"date":"2026-07-07","processing_id":"25dc8f76-31fc-4bff-9f89-22ed84947b08"},"geometry":{"type":"Polygon","coordinates":[[[36.18711337566308,-3.412042521263844],[36.187113914017715,-3.412048781770525],[36.18707510540035,-3.412304896343195],[36.18705976696294,-3.412316184212324],[36.18704845904558,-3.412300872968972],[36.187086783560225,-3.412047953195313],[36.1870442453246,-3.411920407766854],[36.18705277378324,-3.411903396785868],[36.18706981497013,-3.411911910127648],[36.18711337566308,-3.412042521263844]]]}},{"type":"Feature","properties":{"date":"2026-07-07","processing_id":"25dc8f76-31fc-4bff-9f89-22ed84947b08"},"geometry":{"type":"Polygon","coordinates":[[[36.190826038858305,-3.412552371755744],[36.19081500733458,-3.412567882611683],[36.19079946892598,-3.412556870649052],[36.19070270215304,-3.411987402289846],[36.19064507290173,-3.411848710118004],[36.19064883230366,-3.411833274328584],[36.190735218691536,-3.411760548566829],[36.190668280680114,-3.411148545464886],[36.1906682028757,-3.411146865830031],[36.19067810303318,-3.410541968447591],[36.19067826021927,-3.410540128032259],[36.19076538160518,-3.409979010917664],[36.19076632056951,-3.409975752865073],[36.19091640695702,-3.40962769972521],[36.19093411136627,-3.409620663050764],[36.19094116051876,-3.40963833612048],[36.190791750922614,-3.409984819764943],[36.190705033746646,-3.410543333507877],[36.19069516252309,-3.411146463033599],[36.19076274025372,-3.4117643149811108],[36.19079633066956,-3.411955031312861],[36.19084355354487,-3.412040259957873],[36.190838283880254,-3.412058540531094],[36.19081997084413,-3.412053280207863],[36.19077719475454,-3.4119760771979784],[36.190730908860715,-3.411992535747497],[36.190826038858305,-3.412552371755744]],[[36.19072327298592,-3.411966693441607],[36.19076820770236,-3.4119507153494935],[36.19074017705936,-3.4117915657456064],[36.19067374334833,-3.411847494026491],[36.19072327298592,-3.411966693441607]]]}},{"type":"Feature","properties":{"date":"2026-07-07","processing_id":"25dc8f76-31fc-4bff-9f89-22ed84947b08"},"geometry":{"type":"Polygon","coordinates":[[[36.21707391691335,-3.412455116679507],[36.217055387515664,-3.412459558293359],[36.21705093801244,-3.412441061749836],[36.21728448185962,-3.4120605854134745],[36.217199009306796,-3.4119030958597403],[36.21656305068021,-3.412433621707686],[36.215638306946005,-3.413506493994359],[36.21563797886513,-3.413506860844947],[36.21551680093748,-3.413637471979336],[36.21549775879131,-3.413638200975698],[36.21549702849917,-3.413619192616148],[36.21561803902684,-3.413488761910684],[36.21654334506797,-3.412415237224697],[36.21654491864836,-3.412413688849396],[36.217194368979584,-3.411871908015635],[36.217194745343434,-3.4118719416423975],[36.21719479422407,-3.411871567613046],[36.21782484024663,-3.411387795636066],[36.21782580060855,-3.411387122579952],[36.218402385780664,-3.411019368316655],[36.218403851274466,-3.411018557040475],[36.21942158746427,-3.410535149898315],[36.21942308010704,-3.410534547261161],[36.220518037525245,-3.410166792997332],[36.22051999897089,-3.410166294331252],[36.221319535689645,-3.410025832633176],[36.22133514200147,-3.410036748521359],[36.22132420675166,-3.410052327200893],[36.22052566956843,-3.410192613297855],[36.21943243844835,-3.410559787754508],[36.21841618857723,-3.411042488908727],[36.217840805708825,-3.41140947631685],[36.21722032782015,-3.4118859015261473],[36.2173112421456,-3.412053417954148],[36.21747987737818,-3.412255605699841],[36.21747814360941,-3.412274549165486],[36.21745916649944,-3.412272818470513],[36.21730170134474,-3.412084023260801],[36.21707391691335,-3.412455116679507]]]}},{"type":"Feature","properties":{"date":"2026-07-07","processing_id":"25dc8f76-31fc-4bff-9f89-22ed84947b08"},"geometry":{"type":"Polygon","coordinates":[[[36.19308694114681,-3.41238775427808],[36.19308301108106,-3.412391784571257],[36.19290876830926,-3.412507802282556],[36.192904321988884,-3.412509718503601],[36.19131082507895,-3.412876917938393],[36.19083822547081,-3.413050352276201],[36.1900034183028,-3.413667156625703],[36.18999376347346,-3.413667128385353],[36.189982982201265,-3.413665521468665],[36.189985796315675,-3.41364670769749],[36.19082374564548,-3.413027581720818],[36.19082711270201,-3.413025768450395],[36.19130232026145,-3.41285137704354],[36.19130393888092,-3.412850895616785],[36.19289586174309,-3.412484058889773],[36.19306566006252,-3.412371000467565],[36.19325302163337,-3.41207354014437],[36.19327160125387,-3.412069312753713],[36.193275836151685,-3.41208785943818],[36.19308694114681,-3.41238775427808]]]}},{"type":"Feature","properties":{"date":"2026-07-07","processing_id":"25dc8f76-31fc-4bff-9f89-22ed84947b08"},"geometry":{"type":"Polygon","coordinates":[[[36.194424592909094,-3.412276956614147],[36.194426058821705,-3.412280903472973],[36.19451357621391,-3.412716517149979],[36.19450301414853,-3.412732350277841],[36.19448715289283,-3.412721806942921],[36.194400055261816,-3.412288282610184],[36.19431398002735,-3.412135449844641],[36.194319122311455,-3.412117133161394],[36.1943374715232,-3.412122266329564],[36.194424592909094,-3.412276956614147]]]}},{"type":"Feature","properties":{"date":"2026-07-07","processing_id":"25dc8f76-31fc-4bff-9f89-22ed84947b08"},"geometry":{"type":"Polygon","coordinates":[[[36.211511309749284,-3.413165313468383],[36.21149316030217,-3.41317111128309],[36.211487352184854,-3.413152994029868],[36.21181682942606,-3.412514531770622],[36.21182335908091,-3.412512445880374],[36.21182784983127,-3.412507274721952],[36.21209800322381,-3.412488045696692],[36.212797039703545,-3.412276399791855],[36.212969933835524,-3.412156484425854],[36.21298868833273,-3.412159855640635],[36.212985311130915,-3.412178576890034],[36.212810672352816,-3.412299702299322],[36.21280689472985,-3.412301527865829],[36.21210437955449,-3.412514227002843],[36.212101426906756,-3.412514771980673],[36.21183731943057,-3.4125335706681224],[36.211511309749284,-3.413165313468383]]]}},{"type":"Feature","properties":{"date":"2026-07-07","processing_id":"25dc8f76-31fc-4bff-9f89-22ed84947b08"},"geometry":{"type":"Polygon","coordinates":[[[36.21249300366996,-3.412768147730467],[36.212492049817676,-3.412787146235664],[36.212473017560235,-3.412786194074978],[36.212288874630964,-3.412582980661974],[36.21228982848325,-3.412563982152741],[36.212308860740684,-3.412564934313647],[36.21249300366996,-3.412768147730467]]]}},{"type":"Feature","properties":{"date":"2026-07-07","processing_id":"25dc8f76-31fc-4bff-9f89-22ed84947b08"},"geometry":{"type":"Polygon","coordinates":[[[36.19067218819837,-3.41276515052937],[36.19065457789261,-3.412757882384824],[36.190661858949426,-3.412740303309061],[36.191035292889886,-3.412585613023531],[36.19105290319564,-3.41259288116938],[36.19104562213883,-3.41261046024784],[36.19067218819837,-3.41276515052937]]]}},{"type":"Feature","properties":{"date":"2026-07-07","processing_id":"25dc8f76-31fc-4bff-9f89-22ed84947b08"},"geometry":{"type":"Polygon","coordinates":[[[36.2169156175276,-3.413016762929192],[36.21689962217971,-3.41302710242923],[36.21688926430815,-3.413011135451868],[36.216937973083,-3.41278384288838],[36.21695396843089,-3.412773503385723],[36.21696432630244,-3.412789470367034],[36.2169156175276,-3.413016762929192]]]}}]}